class,method,compression_ratio,psnr,ssim
with_mask,jpeg_q30,4.955127166693666,30.202723796379345,0.8805809381621864
with_mask,jpeg_q70,2.704031117397454,33.19113680333106,0.9326573842511627
with_mask,jpeg_q90,1.3370049829530553,37.13660487592636,0.9685842854985238
with_mask,wavelet_t70,3.3257438638631864,39.41203066988814,0.9697656673165443
with_mask,wavelet_t90,9.992782719186785,30.611175030893946,0.8587719230604164
with_mask,jpeg_q30,4.205717038702425,31.138870021931112,0.9083906074724889
with_mask,jpeg_q70,2.4150682405016597,35.16602568963996,0.9579688385760893
with_mask,jpeg_q90,1.3112858001201682,39.92416267188244,0.9825198479026328
with_mask,wavelet_t70,3.322821071845054,41.30881777349953,0.9782128954814123
with_mask,wavelet_t90,9.992782719186785,30.38929118706523,0.881416457596777
with_mask,jpeg_q30,5.233531746031746,29.937790074563,0.8761468625222183
with_mask,jpeg_q70,2.810548748002131,33.05982953324762,0.9278866450691582
with_mask,jpeg_q90,1.3266106724337374,37.752700425042875,0.9685977976134232
with_mask,wavelet_t70,3.322484157160963,42.27067920078437,0.9769546375263723
with_mask,wavelet_t90,9.992782719186785,31.32331028276164,0.8826327379620066
with_mask,jpeg_q30,4.017308189098424,36.748806514904366,0.944359426087488
with_mask,jpeg_q70,2.4321238661244915,41.72035661869215,0.9768310933336197
with_mask,jpeg_q90,1.3150951374207187,46.216006795109905,0.9898824669727747
with_mask,wavelet_t70,3.3265316481396883,49.31959021732205,0.9939735563290181
with_mask,wavelet_t90,9.995831003101326,37.68472352109395,0.9580161631302472
with_mask,jpeg_q30,4.998474834773767,26.760453518655854,0.8182201940832444
with_mask,jpeg_q70,2.5627525087970806,30.177037070317716,0.9057281208237069
with_mask,jpeg_q90,1.3436282883498463,35.19356567765484,0.961692748945234
with_mask,wavelet_t70,3.3322260262363987,34.77538620531408,0.9419059452796917
with_mask,wavelet_t90,9.988213777687461,26.657151756707922,0.756288017660027
with_mask,jpeg_q30,4.729981718464351,30.893825333744314,0.8758635402698435
with_mask,jpeg_q70,2.51072295002426,34.78319696543523,0.9396186970995224
with_mask,jpeg_q90,1.3056620912394026,39.72729296842361,0.9766408796774582
with_mask,wavelet_t70,3.3274887452188335,41.86367214116609,0.9724989323513235
with_mask,wavelet_t90,9.99379860722818,31.48553418214991,0.8678864757905379
with_mask,jpeg_q30,5.659136546184739,28.355975963666378,0.758067111659568
with_mask,jpeg_q70,2.739489671931956,31.13935090744105,0.8740703459190495
with_mask,jpeg_q90,1.3555796055796057,35.6706091253989,0.949303799306394
with_mask,wavelet_t70,3.3140834386852087,37.380845351500916,0.9511247868141938
with_mask,wavelet_t90,9.98922873691698,29.63846906175587,0.7804887940960309
with_mask,jpeg_q30,4.080232558139535,33.924828491505664,0.9348085544721679
with_mask,jpeg_q70,2.412789365115746,38.27409843955866,0.9713188829272351
with_mask,jpeg_q90,1.2977870923996795,42.94932991270146,0.98849966848014
with_mask,wavelet_t70,3.327883004113137,44.534111303650604,0.987299174306406
with_mask,wavelet_t90,9.993290637389448,33.155066737078926,0.9145509214936663
with_mask,jpeg_q30,4.167160536865958,33.47566778244395,0.9255246460000128
with_mask,jpeg_q70,2.4212072108567955,37.67707793305047,0.9662058665081129
with_mask,jpeg_q90,1.293598831232076,42.06682768035886,0.9857041466847388
with_mask,wavelet_t70,3.3304197581054984,42.90993578106972,0.982235937890418
with_mask,wavelet_t90,9.994306628710858,31.941443285925644,0.9069761324393443
with_mask,jpeg_q30,3.607005141388175,39.00094462907341,0.9612978814565115
with_mask,jpeg_q70,2.3439131342660264,44.22075830480785,0.9843104239174559
with_mask,jpeg_q90,1.343506882106523,48.50072026628473,0.9926657053637474
with_mask,wavelet_t70,3.323607471895867,50.97132923903076,0.9960831445950286
with_mask,wavelet_t90,9.968968664435655,41.47829662164292,0.9729171957362084
with_mask,jpeg_q30,5.85019680481593,33.881179976218526,0.8778511212824694
with_mask,jpeg_q70,3.099865047233468,36.86003455336488,0.9234481926144081
with_mask,jpeg_q90,1.3011483598537514,39.7662323992871,0.9601821766804471
with_mask,wavelet_t70,3.314921598381386,41.86080862829107,0.9662422335789196
with_mask,wavelet_t90,9.99633923123856,34.78700533550462,0.885282777331312
with_mask,jpeg_q30,5.380404527741696,29.450602295003776,0.8388662719543695
with_mask,jpeg_q70,2.836251589552969,32.65656936979058,0.9072932390110116
with_mask,jpeg_q90,1.3362982763388331,37.05327711831882,0.9579212446443659
with_mask,wavelet_t70,3.3213054936144335,41.21300435141243,0.9694232912876976
with_mask,wavelet_t90,9.995831003101326,31.627257756190723,0.8359636005342373
with_mask,jpeg_q30,4.844357282938135,30.143459033457077,0.8795739139044042
with_mask,jpeg_q70,2.6375461075519318,33.46054103052738,0.9340723455276709
with_mask,jpeg_q90,1.3354302845628347,37.737936726186604,0.969979860410314
with_mask,wavelet_t70,3.3274887452188335,42.655899941695154,0.9787188586309036
with_mask,wavelet_t90,9.998372660699756,31.897656488182918,0.8916487150577236
with_mask,jpeg_q30,5.619736015084852,28.801744894282344,0.7721393797984106
with_mask,jpeg_q70,2.8045796737766624,31.542663333312795,0.8657364649331752
with_mask,jpeg_q90,1.3409823772028497,35.516938092749584,0.942235699720012
with_mask,wavelet_t70,3.3295173581710413,36.812275406599234,0.942558702398265
with_mask,wavelet_t90,9.997355842570935,30.114837659909107,0.769779341313758
with_mask,jpeg_q30,4.78966049382716,28.993493784269816,0.8606806526876308
with_mask,jpeg_q70,2.6046492111446793,32.67112627039271,0.9243828664637176
with_mask,jpeg_q90,1.3387249827467218,37.25440258542729,0.9640603907740067
with_mask,wavelet_t70,3.3319436677004424,41.36112929523718,0.9705880751000778
with_mask,wavelet_t90,9.986691725504139,29.87632887275673,0.834919054679304
with_mask,jpeg_q30,4.19518486672399,30.9993285527569,0.9186455777164152
with_mask,jpeg_q70,2.4626488996567737,34.67338816269627,0.9565552936664009
with_mask,jpeg_q90,1.329210483299733,39.019279560327924,0.9795721948593755
with_mask,wavelet_t70,3.322877230935641,44.048787775144305,0.9854399756256885
with_mask,wavelet_t90,9.997355842570935,30.17234238759929,0.8966882112105695
with_mask,jpeg_q30,4.937079124579125,31.244666393898072,0.8635276504471796
with_mask,jpeg_q70,2.7562265037593985,34.536558192251846,0.9211218617480034
with_mask,jpeg_q90,1.3458581918311152,38.68311474827778,0.965466573898872
with_mask,wavelet_t70,3.328502742601747,45.299774754716125,0.9825929005453783
with_mask,wavelet_t90,9.978075517661388,35.591885469187915,0.8981032805287348
with_mask,jpeg_q30,4.744189189189189,28.75693029957294,0.8676893805239397
with_mask,jpeg_q70,2.594177196482672,31.986431150859502,0.9291081992684957
with_mask,jpeg_q90,1.3478845120172003,35.92272604029863,0.9675684196754332
with_mask,wavelet_t70,3.3226526059622796,36.38511219479974,0.9583824376963533
with_mask,wavelet_t90,9.995322826639553,28.282923568848382,0.8147405299794269
with_mask,jpeg_q30,4.940975192472198,28.52282948194783,0.855670969760927
with_mask,jpeg_q70,2.675519184744847,31.704336894145293,0.9193609671834357
with_mask,jpeg_q90,1.3529572516103845,35.85090436709328,0.9634491355322744
with_mask,wavelet_t70,3.32833370012358,38.85584602680301,0.9653734151230053
with_mask,wavelet_t90,9.9907515625794,29.253566497817538,0.8306276975674812
with_mask,jpeg_q30,5.75820419325433,31.44903717800532,0.7794880049658564
with_mask,jpeg_q70,2.680280046674446,34.93455569792238,0.897002316384189
with_mask,jpeg_q90,1.3026912765518663,39.55236919159947,0.9626350439809049
with_mask,wavelet_t70,3.3120735836660433,40.313988914520216,0.9564930896049323
with_mask,wavelet_t90,9.98364901233941,33.19890883216273,0.8093902624743515
without_mask,jpeg_q30,3.900785854616896,38.90328765905149,0.9513180661076489
without_mask,jpeg_q70,2.408126137052759,44.246321876925634,0.9821707439212526
without_mask,jpeg_q90,1.3341919587859783,49.23995900971454,0.9932645506578804
without_mask,wavelet_t70,3.3199594731509623,50.8445118915524,0.9954641199747085
without_mask,wavelet_t90,9.998372660699756,42.73810659437615,0.9701257263783615
without_mask,jpeg_q30,4.255932992089344,32.782649613915204,0.91894571466272
without_mask,jpeg_q70,2.4232093968029673,36.889299353975424,0.9653678191921706
without_mask,jpeg_q90,1.293757072802716,41.19726282958648,0.986336381675348
without_mask,wavelet_t70,3.3220350438470505,38.411687003782596,0.9689757554522784
without_mask,wavelet_t90,9.995322826639553,30.707944586472863,0.8521602411132981
without_mask,jpeg_q30,3.637702946482261,38.32598087798891,0.9624143980199279
without_mask,jpeg_q70,2.3635475678843525,43.5180671832046,0.9845655136767141
without_mask,jpeg_q90,1.3397187465396967,48.054539914993,0.9929697558758988
without_mask,wavelet_t70,3.3233265720081135,49.11731740715528,0.9945340798409109
without_mask,wavelet_t90,9.995831003101326,40.13558716427667,0.9671146743858553
without_mask,jpeg_q30,3.8397192161450717,38.19658438231817,0.95265244738966
without_mask,jpeg_q70,2.430211032950759,43.35640400027052,0.9811132705051709
without_mask,jpeg_q90,1.3356394343269915,47.71703339356256,0.9917148750572959
without_mask,wavelet_t70,3.3096761160864587,48.62312874399763,0.9932125771131383
without_mask,wavelet_t90,9.973520012174706,40.17173837101177,0.9635087996243207
without_mask,jpeg_q30,4.754549362372833,29.16314937771584,0.8543306733366981
without_mask,jpeg_q70,2.6004702194357368,32.51761669868611,0.9165118414576373
without_mask,jpeg_q90,1.3403077917356707,36.85851648984067,0.9622009937897674
without_mask,wavelet_t70,3.3305325924922076,39.15378116335169,0.9590663159200102
without_mask,wavelet_t90,9.997355842570935,28.964980452552773,0.8248214592276112
without_mask,jpeg_q30,3.9328431372549018,37.2725364538222,0.9569518279504896
without_mask,jpeg_q70,2.416202379159765,42.3307383520457,0.9831811197963729
without_mask,jpeg_q90,1.320875864339809,46.82020378143904,0.9928844448826983
without_mask,wavelet_t70,3.325631353710313,45.922466982287176,0.9898634165583982
without_mask,wavelet_t90,9.984156002437539,36.62941800866177,0.9444060063437559
without_mask,jpeg_q30,3.9488498789346247,38.1528139038395,0.9508666215675694
without_mask,jpeg_q70,2.42599479360357,43.56515013149986,0.9815933795351137
without_mask,jpeg_q90,1.3463006913631204,47.90734279818301,0.9917842973690538
without_mask,wavelet_t70,3.320800608056752,48.962586798039105,0.9936957133144823
without_mask,wavelet_t90,9.995831003101326,40.71612602394062,0.9656344602925736
without_mask,jpeg_q30,3.8422863191320453,37.55008126489718,0.9518580548048838
without_mask,jpeg_q70,2.3834537097833226,42.72565527796922,0.9806871014744719
without_mask,jpeg_q90,1.3261485067129417,47.335965959813464,0.9920354018308243
without_mask,wavelet_t70,3.320127666041846,47.418529912629175,0.9915227946302556
without_mask,wavelet_t90,9.998372660699756,37.669825183178,0.9487877112331319
without_mask,jpeg_q30,3.9098565190268246,38.3062803284168,0.953159001758773
without_mask,jpeg_q70,2.4358725223474544,43.81152130587936,0.9824244041998718
without_mask,jpeg_q90,1.3491550963297816,48.0943549185697,0.9918808882599923
without_mask,wavelet_t70,3.3086178752334954,49.131562455538315,0.9939028335016568
without_mask,wavelet_t90,9.965431598155,41.123190743949884,0.9670586782008966
without_mask,jpeg_q30,3.890452876376989,38.429818173215125,0.9576573257353219
without_mask,jpeg_q70,2.4464113911872234,43.485761925555295,0.9819232936514685
without_mask,jpeg_q90,1.3353639323600461,47.83862925203877,0.9916515652499377
without_mask,wavelet_t70,3.3082838344915784,49.9889177348315,0.995072071602873
without_mask,wavelet_t90,9.989736293887505,40.2516753877478,0.9686973928340064
without_mask,jpeg_q30,4.2547601831766695,35.568388465644446,0.930624844424623
without_mask,jpeg_q70,2.482142857142857,40.215390887263105,0.9690637617834851
without_mask,jpeg_q90,1.304151891252955,44.50895995344912,0.9865039763058571
without_mask,wavelet_t70,3.299622388184946,47.134890415975825,0.9911201158235791
without_mask,wavelet_t90,9.997864225781846,37.7686056303346,0.9461498409366159
without_mask,jpeg_q30,3.78125,38.13842891913279,0.9525796103666079
without_mask,jpeg_q70,2.367294204503507,43.560628561110164,0.9814047627920651
without_mask,jpeg_q90,1.3269190978688186,48.02227642036481,0.991864886365402
without_mask,wavelet_t70,3.298293881796373,49.13479004559889,0.9939061278693533
without_mask,wavelet_t90,9.984663044030267,41.06622920413368,0.9657024934373571
without_mask,jpeg_q30,3.8382038488952244,36.75869042360993,0.9483690980281222
without_mask,jpeg_q70,2.3389315187490953,41.849467028980236,0.9795768840764891
without_mask,jpeg_q90,1.3104315379623621,46.41032547863723,0.9915347869303642
without_mask,wavelet_t70,3.293321496172465,47.027806830803755,0.9914665135417348
without_mask,wavelet_t90,9.99176703765818,37.14902856290108,0.9465793830910337
without_mask,jpeg_q30,3.833778857837181,36.968887040627806,0.9502967280382091
without_mask,jpeg_q70,2.3251289609432573,42.31621440939734,0.9811982156323568
without_mask,jpeg_q90,1.3242676068160832,46.99683469152382,0.9923073695617556
without_mask,wavelet_t70,3.33211307707952,46.30815767839968,0.9902883014644583
without_mask,wavelet_t90,9.98922873691698,37.56697092748248,0.9483072255907086
without_mask,jpeg_q30,4.273998136067101,30.68933868833383,0.8905247153664715
without_mask,jpeg_q70,2.4400106411279596,34.78210056963662,0.9433343860465091
without_mask,jpeg_q90,1.3157366231530627,39.30702639193066,0.975204353237503
without_mask,wavelet_t70,3.3290663415625317,42.2163032399954,0.9807943537805791
without_mask,wavelet_t90,9.997355842570935,30.9491417125292,0.8769653976126651
without_mask,jpeg_q30,4.323711340206185,35.55592553035457,0.9247285982171413
without_mask,jpeg_q70,2.4800262812089358,40.10072169016685,0.9679586905243315
without_mask,jpeg_q90,1.3013169689029855,44.601503933509086,0.9869806941013293
without_mask,wavelet_t70,3.311738844812775,46.55387999917993,0.9897647725099658
without_mask,wavelet_t90,9.9811148339933,37.158439014878255,0.9365463093236427
without_mask,jpeg_q30,3.956559894690654,33.706544708543845,0.9421453648271977
without_mask,jpeg_q70,2.392094442233718,37.942107380363375,0.972125974995917
without_mask,jpeg_q90,1.3053926891060441,42.625443591360266,0.9882630928898957
without_mask,wavelet_t70,3.320744519136574,48.07780460000039,0.9941947408280652
without_mask,wavelet_t90,9.994814701845357,34.73712007764221,0.9441593112917007
without_mask,jpeg_q30,3.835722819593787,38.36093071347892,0.9525261403317974
without_mask,jpeg_q70,2.4221048660882687,43.69371198609918,0.9823507137083762
without_mask,jpeg_q90,1.3367336317268659,47.96077437983268,0.9919963421478425
without_mask,wavelet_t70,3.3131898687248276,49.38676384907711,0.9938898438483608
without_mask,wavelet_t90,9.994814701845357,39.9349017400863,0.9635263885942563
without_mask,jpeg_q30,4.045550400674821,34.938486487616814,0.9355411662543487
without_mask,jpeg_q70,2.4185577407967727,39.58132256150572,0.9730319038109201
without_mask,jpeg_q90,1.3106510897041743,44.05718368051723,0.9886124556695727
without_mask,wavelet_t70,3.320800608056752,45.58488741507959,0.9880667255975193
without_mask,wavelet_t90,9.993290637389448,35.549132636072,0.927058084233145
without_mask,jpeg_q30,4.218560452891225,34.484504807453995,0.9332127500835949
without_mask,jpeg_q70,2.4403508771929823,39.02448118940008,0.9695683730767163
without_mask,jpeg_q90,1.3083965636169812,43.284709463038936,0.9868487619981209
without_mask,wavelet_t70,3.324619104790571,45.15536769142044,0.9884131893394664
without_mask,wavelet_t90,9.99379860722818,34.65130102479588,0.9321045817076463
incorrect_mask,jpeg_q30,5.172825250192456,30.15694342814506,0.8447594071637847
incorrect_mask,jpeg_q70,2.7443332652644474,33.13736274073962,0.9127497626306255
incorrect_mask,jpeg_q90,1.334425578393407,37.651346538178075,0.9629332687657727
incorrect_mask,wavelet_t70,3.3184465036204367,42.538802203674386,0.9721752235091489
incorrect_mask,wavelet_t90,9.99379860722818,32.25310357914683,0.8560265910154484
incorrect_mask,jpeg_q30,4.943694060211554,30.096882608772614,0.8683423898211603
incorrect_mask,jpeg_q70,2.715562706713149,33.26533663570869,0.9273283172004527
incorrect_mask,jpeg_q90,1.3532451334135152,37.014549195787595,0.9651055412677118
incorrect_mask,wavelet_t70,3.3139717160820537,40.4736772056118,0.9730156711406006
incorrect_mask,wavelet_t90,9.990243902439024,31.131381441782423,0.862062512101024
incorrect_mask,jpeg_q30,5.697733918128655,29.9897774567342,0.8220134862554174
incorrect_mask,jpeg_q70,2.8978529603122967,32.95109489263839,0.8927148827810695
incorrect_mask,jpeg_q90,1.329325488189648,36.737370957685435,0.9492369129802065
incorrect_mask,wavelet_t70,3.320464102953843,39.65550163064905,0.9565694439728794
incorrect_mask,wavelet_t90,9.989736293887505,32.06360580868205,0.8355798296677256
incorrect_mask,jpeg_q30,4.668803418803419,27.075386457644687,0.8634121338632309
incorrect_mask,jpeg_q70,2.5431619786614936,30.71423318161227,0.9263247912395617
incorrect_mask,jpeg_q90,1.3500154464009886,35.184192538545915,0.9666155388346823
incorrect_mask,wavelet_t70,3.3232142253473516,35.69349385598067,0.9524421036056033
incorrect_mask,wavelet_t90,9.996847511059135,26.098174345238803,0.805242366616147
incorrect_mask,jpeg_q30,5.0431625102767885,27.872225916032896,0.8429510097798985
incorrect_mask,jpeg_q70,2.614177143263016,31.034998620648217,0.9140696943683461
incorrect_mask,jpeg_q90,1.3200746027760841,35.7438577462336,0.9646581597366666
incorrect_mask,wavelet_t70,3.3307582842041064,35.2381559425888,0.944128149061712
incorrect_mask,wavelet_t90,9.988721231519586,27.146551898835234,0.7844314549549233
incorrect_mask,jpeg_q30,3.7918490153172866,37.68216087904841,0.9547055766231604
incorrect_mask,jpeg_q70,2.375021415110502,42.6602790821381,0.980654944286397
incorrect_mask,jpeg_q90,1.3280007663569307,47.242808361257325,0.9914812270046687
incorrect_mask,wavelet_t70,3.294480378028754,48.70741724427033,0.9936290266235567
incorrect_mask,wavelet_t90,9.99227485261232,38.59198057327578,0.9598663737565479
incorrect_mask,jpeg_q30,4.864651031364792,27.07770533818078,0.8490504267227909
incorrect_mask,jpeg_q70,2.5450513711286864,30.76621283335749,0.9153442673123005
incorrect_mask,jpeg_q90,1.328651360216091,36.11943552211661,0.9666156309491667
incorrect_mask,wavelet_t70,3.327826675693974,36.47118088657261,0.9524429160405307
incorrect_mask,wavelet_t90,9.994814701845357,26.69758182350772,0.8065367077799451
incorrect_mask,jpeg_q30,4.74260834345889,31.26704005685307,0.8996228100465018
incorrect_mask,jpeg_q70,2.638463271744029,34.27392500656937,0.9412662428438452
incorrect_mask,jpeg_q90,1.3353289998859619,38.37083152453773,0.972549054507057
incorrect_mask,wavelet_t70,3.3196231384864756,43.96171546475487,0.9871919293774262
incorrect_mask,wavelet_t90,9.98922873691698,32.82065503253168,0.9077327773739752
incorrect_mask,jpeg_q30,5.012179395328844,28.395308522557876,0.8462715057752166
incorrect_mask,jpeg_q70,2.629086809470124,31.637121118558362,0.9138293871033342
incorrect_mask,jpeg_q90,1.3317089884646134,36.148845153041556,0.9630361237751739
incorrect_mask,wavelet_t70,3.328897241834713,37.202915692543975,0.9543692578197794
incorrect_mask,wavelet_t90,9.990243902439024,28.469958493098982,0.7676933055817207
incorrect_mask,jpeg_q30,5.129700996677741,27.214740056788212,0.8230012218038408
incorrect_mask,jpeg_q70,2.6444474892101115,30.28933881111337,0.9065443682484169
incorrect_mask,jpeg_q90,1.3646680336562258,34.86927463378576,0.9629877398668678
incorrect_mask,wavelet_t70,3.330814711911498,34.55657300236998,0.9424914699515347
incorrect_mask,wavelet_t90,9.997355842570935,26.881700210597774,0.7458720377729015
incorrect_mask,jpeg_q30,4.911147902869757,29.928582428083786,0.8750037378590337
incorrect_mask,jpeg_q70,2.6519320552299592,33.37851051478448,0.9286295095014919
incorrect_mask,jpeg_q90,1.3304594837037775,37.999561551105934,0.9678049211825644
incorrect_mask,wavelet_t70,3.330476174343164,42.098611222381194,0.9761559038900977
incorrect_mask,wavelet_t90,9.98770637541275,32.01665289883098,0.8682281365093601
incorrect_mask,jpeg_q30,4.735649546827794,30.323834974392554,0.8719039547144924
incorrect_mask,jpeg_q70,2.6171041647342546,33.42886205066731,0.9320174355007488
incorrect_mask,jpeg_q90,1.3361272908083535,37.605068255773816,0.9695829987686023
incorrect_mask,wavelet_t70,3.322989554811885,40.879777196307145,0.9743289553392271
incorrect_mask,wavelet_t90,9.990243902439024,31.437524877917102,0.8765569611595443
incorrect_mask,jpeg_q30,5.016530394596516,30.508742551092244,0.8752371547035437
incorrect_mask,jpeg_q70,2.717931432973806,33.60047425104253,0.9290194730908593
incorrect_mask,jpeg_q90,1.325894954430142,37.62223642029809,0.9670486674365288
incorrect_mask,wavelet_t70,3.3300248979522706,40.36405714472818,0.9737124464316252
incorrect_mask,wavelet_t90,9.991259274316496,31.53978682615938,0.8650706259206125
incorrect_mask,jpeg_q30,4.833165626886697,31.228492548387294,0.8902740982311107
incorrect_mask,jpeg_q70,2.652822268861151,34.31765410563517,0.9389960256205825
incorrect_mask,jpeg_q90,1.3155847712955355,38.74882536870556,0.9717834112020474
incorrect_mask,wavelet_t70,3.3085065208245688,43.94623089352079,0.9840525866475542
incorrect_mask,wavelet_t90,9.998881147332554,33.104534684352146,0.9035992710172861
incorrect_mask,jpeg_q30,5.020279528637983,28.0690919740075,0.8530205970243493
incorrect_mask,jpeg_q70,2.6050910125142206,31.32865373392331,0.92142593645398
incorrect_mask,jpeg_q90,1.3243448400506055,35.8121056191559,0.9661452953965818
incorrect_mask,wavelet_t70,3.331096879129816,35.92726538355537,0.9528610459032888
incorrect_mask,wavelet_t90,9.994306628710858,27.72782316726986,0.7982407429079182
incorrect_mask,jpeg_q30,5.568997071742313,30.786940146817322,0.8472307869337105
incorrect_mask,jpeg_q70,2.8553063713990805,33.53995422914733,0.9095094004505716
incorrect_mask,jpeg_q90,1.3131796996374936,37.28127581692144,0.9584403533756194
incorrect_mask,wavelet_t70,3.3187265791161678,39.04296502162253,0.9573253610185808
incorrect_mask,wavelet_t90,9.99379860722818,31.663868471469154,0.8343548866903435
incorrect_mask,jpeg_q30,5.152858610065047,29.88902588600455,0.8573321945540601
incorrect_mask,jpeg_q70,2.773192077383694,32.968444430393085,0.9174740877050689
incorrect_mask,jpeg_q90,1.3506977161574012,36.914535424985786,0.9619280233752999
incorrect_mask,wavelet_t70,3.3286154471269427,40.71486029951133,0.9725036485733846
incorrect_mask,wavelet_t90,9.973014101653646,31.58900135813008,0.8683268033586852
incorrect_mask,jpeg_q30,5.137898861727934,31.26567045840072,0.8900418844115435
incorrect_mask,jpeg_q70,2.8461856522638,34.253812307089945,0.9352809180407965
incorrect_mask,jpeg_q90,1.3219704244286536,38.149839908760306,0.9691670541567362
incorrect_mask,wavelet_t70,3.311236863379143,41.05647853617036,0.9738725159829792
incorrect_mask,wavelet_t90,9.99938968568813,31.97022624900525,0.8847532372784871
incorrect_mask,jpeg_q30,5.160106856634016,30.619979202058364,0.8723223614091425
incorrect_mask,jpeg_q70,2.7763510923725567,33.48276803249172,0.9250058049165588
incorrect_mask,jpeg_q90,1.3186783178590933,37.53158838595518,0.9653748314265354
incorrect_mask,wavelet_t70,3.3259689070086105,40.41152993863488,0.9703074208680144
incorrect_mask,wavelet_t90,9.995322826639553,31.57319891625949,0.8665747051739707
incorrect_mask,jpeg_q30,4.879118942731277,30.388070775721676,0.8820015721034569
incorrect_mask,jpeg_q70,2.6760413646467573,33.64495966186108,0.9352475314617849
incorrect_mask,jpeg_q90,1.3309459719284753,37.84543947884923,0.9702009035747047
incorrect_mask,wavelet_t70,3.3325084326321677,42.21512068799722,0.9757974366790639
incorrect_mask,wavelet_t90,9.993290637389448,32.04636588021452,0.8885187762295373
