class,noise_type,filter,psnr,ssim
with_mask,gaussian,none,23.408719394222594,0.5022264973457677
with_mask,gaussian,mean,27.317083781550554,0.7363111943726635
with_mask,gaussian,median,27.25869692630514,0.6961965362306989
with_mask,gaussian,none,24.074940061442565,0.6006302528816372
with_mask,gaussian,mean,23.71814610113041,0.700282747539715
with_mask,gaussian,median,24.155277514027528,0.6667695742360383
with_mask,gaussian,none,23.582651016100552,0.47796933712205325
with_mask,gaussian,mean,27.312222907339446,0.702570453708378
with_mask,gaussian,median,27.50811125380217,0.6663195177430243
with_mask,gaussian,none,23.452298592929388,0.502846764500374
with_mask,gaussian,mean,27.19467448897131,0.7172853540339327
with_mask,gaussian,median,27.188921392388895,0.682084738156911
with_mask,gaussian,none,23.71596575551127,0.47703985722788483
with_mask,gaussian,mean,26.81212099761561,0.6723020381597707
with_mask,gaussian,median,27.10048748905038,0.6402813449026533
with_mask,gaussian,none,23.339183747153378,0.47650935996598526
with_mask,gaussian,mean,26.842815834617166,0.6908290837772385
with_mask,gaussian,median,27.014824920061173,0.652869190650685
with_mask,gaussian,none,23.51534888718603,0.49836166369992757
with_mask,gaussian,mean,25.685106137521984,0.6858108279872516
with_mask,gaussian,median,25.838726975662905,0.635584296899388
with_mask,gaussian,none,23.389045933681693,0.34222786891271983
with_mask,gaussian,mean,30.772147734460876,0.7370522308537626
with_mask,gaussian,median,29.689110030714932,0.6736723017788795
with_mask,gaussian,none,23.40961944365207,0.5198311788002329
with_mask,gaussian,mean,29.18505310059394,0.8086076523785378
with_mask,gaussian,median,28.338073846844395,0.7628622613875476
with_mask,gaussian,none,23.323132149169474,0.5639409424840877
with_mask,gaussian,mean,26.865038193424205,0.7198222346798837
with_mask,gaussian,median,26.54375894490197,0.6896683441656651
with_mask,gaussian,none,23.617899389894667,0.47394145368249224
with_mask,gaussian,mean,29.641467033854134,0.7866410584562157
with_mask,gaussian,median,28.946910709741864,0.7396155043480629
with_mask,gaussian,none,23.61842665590668,0.5745695293092133
with_mask,gaussian,mean,27.61358934042633,0.8116668288432836
with_mask,gaussian,median,27.482019442901002,0.7756406398274995
with_mask,gaussian,none,23.369417207994058,0.5375434865707396
with_mask,gaussian,mean,26.4716139765507,0.7219704125520828
with_mask,gaussian,median,26.201610579950547,0.686717406089798
with_mask,gaussian,none,23.310044120014034,0.33718089651022226
with_mask,gaussian,mean,30.850096213061224,0.7394942371854638
with_mask,gaussian,median,29.74266102285837,0.6773948835598628
with_mask,gaussian,none,23.169635524181835,0.34531309587561143
with_mask,gaussian,mean,30.20998923897683,0.7228869796599514
with_mask,gaussian,median,29.272947723386586,0.6642163356457679
with_mask,gaussian,none,23.399175385161683,0.36497943486290185
with_mask,gaussian,mean,30.626359003894812,0.7418196988990681
with_mask,gaussian,median,29.558493339454856,0.6822993937144687
with_mask,gaussian,none,23.750873181338687,0.5071585769728818
with_mask,gaussian,mean,27.948040241683927,0.7740326854759347
with_mask,gaussian,median,28.027646831012206,0.7327678057142256
with_mask,gaussian,none,24.30589654518123,0.3661726574771426
with_mask,gaussian,mean,30.800099259855042,0.7296554804780797
with_mask,gaussian,median,29.992358322265463,0.6732408691307711
with_mask,gaussian,none,23.598796314726993,0.5979058125075354
with_mask,gaussian,mean,24.914697282305443,0.7551248277141124
with_mask,gaussian,median,25.479523771714277,0.7345745818487833
with_mask,gaussian,none,23.658387214588245,0.3612420113071197
with_mask,gaussian,mean,30.952674683159355,0.7632742048379528
with_mask,gaussian,median,29.97647068552883,0.7055963263267655
with_mask,gaussian,none,23.43522254380124,0.5250233925086266
with_mask,gaussian,mean,27.48947130452004,0.7426641372137786
with_mask,gaussian,median,27.201397418968803,0.7044046447693271
with_mask,gaussian,none,23.833140309461776,0.4127993497156271
with_mask,gaussian,mean,29.163199247811203,0.7677602576467443
with_mask,gaussian,median,29.110486380469055,0.7122260130624443
with_mask,gaussian,none,23.43620581703155,0.6224657618082866
with_mask,gaussian,mean,25.357811376645714,0.7240354173749912
with_mask,gaussian,median,25.38361369807431,0.7001095318707647
with_mask,gaussian,none,23.453432605411063,0.45492390967834395
with_mask,gaussian,mean,27.699520331861947,0.7009331397783503
with_mask,gaussian,median,27.71929661764162,0.6601123395896518
with_mask,gaussian,none,23.658507106826782,0.5376835911174817
with_mask,gaussian,mean,26.668858255305693,0.7662165560401926
with_mask,gaussian,median,26.685909086626395,0.7239634635018147
with_mask,gaussian,none,23.37274034763289,0.5831064234106978
with_mask,gaussian,mean,25.427320907358123,0.683053565626801
with_mask,gaussian,median,25.295562249053543,0.6570449647921027
with_mask,gaussian,none,23.57289820021489,0.3633450258902779
with_mask,gaussian,mean,30.816145266352436,0.7490423143425021
with_mask,gaussian,median,29.721138768160294,0.6866351525785114
with_mask,gaussian,none,23.202749147258636,0.5526701934114793
with_mask,gaussian,mean,26.29544990118921,0.7089623648052544
with_mask,gaussian,median,25.85809353037227,0.673449041851546
with_mask,gaussian,none,23.549835809071702,0.5397147519140889
with_mask,gaussian,mean,27.0387869113156,0.7440829164716525
with_mask,gaussian,median,26.807925360078606,0.7069559857710073
with_mask,gaussian,none,23.282581436220436,0.5496183257601674
with_mask,gaussian,mean,26.501569486208382,0.689316075185129
with_mask,gaussian,median,26.409260158730174,0.661392138019799
with_mask,saltpepper,none,17.665296690604407,0.38038987542679087
with_mask,saltpepper,mean,24.755684133029455,0.6037581150796604
with_mask,saltpepper,median,30.446796854020754,0.8973492235777898
with_mask,saltpepper,none,16.794805762154347,0.4444541385162079
with_mask,saltpepper,mean,22.070987619922935,0.5503413527951394
with_mask,saltpepper,median,25.10569713080795,0.8124081084289041
with_mask,saltpepper,none,17.24577552530045,0.35752085226069513
with_mask,saltpepper,mean,24.447243942683233,0.5552094061117655
with_mask,saltpepper,median,30.771799973383786,0.8772621665347193
with_mask,saltpepper,none,17.581212470783832,0.3644945756063112
with_mask,saltpepper,mean,24.711073710068593,0.5891400251493114
with_mask,saltpepper,median,30.194055025559827,0.8726668861573698
with_mask,saltpepper,none,17.10723939925175,0.3455796189185019
with_mask,saltpepper,mean,24.092444894426222,0.5314386790637634
with_mask,saltpepper,median,29.71514248107325,0.8450376510203456
with_mask,saltpepper,none,17.999120228195736,0.363063858733115
with_mask,saltpepper,mean,24.67344475960967,0.5809751414991048
with_mask,saltpepper,median,29.70105398054688,0.8652015963369073
with_mask,saltpepper,none,17.29017803363609,0.3757139595259466
with_mask,saltpepper,mean,23.66754585734543,0.5249228061890556
with_mask,saltpepper,median,28.112702044813854,0.8390438987385708
with_mask,saltpepper,none,17.466784623386175,0.2525323275305212
with_mask,saltpepper,mean,26.29543600427766,0.5627213953710126
with_mask,saltpepper,median,40.54216544350419,0.9800070557649588
with_mask,saltpepper,none,17.767575983090587,0.3992883604497545
with_mask,saltpepper,mean,25.895087628471583,0.6808028415363201
with_mask,saltpepper,median,33.653617006939434,0.9639666396752498
with_mask,saltpepper,none,17.940612300805196,0.409586078559095
with_mask,saltpepper,mean,24.708141209662294,0.6136043003645829
with_mask,saltpepper,median,29.151001511871787,0.8442416872297072
with_mask,saltpepper,none,17.449509080591923,0.36553291194416987
with_mask,saltpepper,mean,25.667543618095937,0.6386912004021434
with_mask,saltpepper,median,35.016315478357264,0.9635639241998728
with_mask,saltpepper,none,17.134764475528318,0.4245339940515033
with_mask,saltpepper,mean,24.681513976140344,0.6570550570288639
with_mask,saltpepper,median,31.642566217231103,0.949793758639462
with_mask,saltpepper,none,17.55327126850236,0.41249413165372256
with_mask,saltpepper,mean,24.27084371345542,0.6036631048749547
with_mask,saltpepper,median,28.330481237295135,0.8610768909269014
with_mask,saltpepper,none,17.787322215700737,0.24588250838308143
with_mask,saltpepper,mean,26.85718989620529,0.5804902084668836
with_mask,saltpepper,median,42.19098000644409,0.9838642022523821
with_mask,saltpepper,none,18.081554267222486,0.25794615653766834
with_mask,saltpepper,mean,26.731089891654452,0.5813955680921569
with_mask,saltpepper,median,38.22698196832861,0.9774547587144887
with_mask,saltpepper,none,17.59769507642379,0.26967047687618123
with_mask,saltpepper,mean,26.494708274763525,0.5774467715405434
with_mask,saltpepper,median,39.948241340498136,0.9736901210127802
with_mask,saltpepper,none,16.977038105911273,0.3653220682284964
with_mask,saltpepper,mean,24.788685658188562,0.5814746662041034
with_mask,saltpepper,median,32.760432283806125,0.916609649006143
with_mask,saltpepper,none,16.62145642614653,0.3009548936967254
with_mask,saltpepper,mean,25.48564486697318,0.508303550427982
with_mask,saltpepper,median,40.545761661286335,0.972663706218278
with_mask,saltpepper,none,17.39831490653342,0.45094532789106645
with_mask,saltpepper,mean,23.10006088274202,0.6394426528533995
with_mask,saltpepper,median,26.988453570473126,0.8846226690380149
with_mask,saltpepper,none,17.154515138492705,0.27411747878490106
with_mask,saltpepper,mean,26.042689439233946,0.5630185104945117
with_mask,saltpepper,median,43.36832513517864,0.9860282273628195
with_mask,saltpepper,none,17.796573682826626,0.38786973216124804
with_mask,saltpepper,mean,25.009980528987978,0.6141197658055639
with_mask,saltpepper,median,30.344909682287206,0.8828257723774464
with_mask,saltpepper,none,16.89566999848363,0.32411057047839453
with_mask,saltpepper,mean,25.251949499314218,0.5555689099944351
with_mask,saltpepper,median,37.58369282692392,0.9711835098268259
with_mask,saltpepper,none,17.610003597054092,0.46752853744107803
with_mask,saltpepper,mean,23.514139767088437,0.6263209981192223
with_mask,saltpepper,median,27.060302233388125,0.8269073503068496
with_mask,saltpepper,none,17.688950679907947,0.3408511814798732
with_mask,saltpepper,mean,25.164941751432846,0.5608200675734998
with_mask,saltpepper,median,31.609772651866606,0.8749122744338926
with_mask,saltpepper,none,17.01255946049668,0.4173615933577926
with_mask,saltpepper,mean,24.04691982146928,0.6085828675691852
with_mask,saltpepper,median,29.678586380531947,0.922153747556297
with_mask,saltpepper,none,17.814937121113196,0.4206433319209757
with_mask,saltpepper,mean,23.711854922782702,0.5852656436884519
with_mask,saltpepper,median,26.89904881443382,0.7979807467514397
with_mask,saltpepper,none,17.181533858003483,0.28769632916461413
with_mask,saltpepper,mean,25.955073186560945,0.567041423229453
with_mask,saltpepper,median,41.7999139157597,0.9829941028136071
with_mask,saltpepper,none,17.982394480527244,0.4156956389777613
with_mask,saltpepper,mean,24.507742168576357,0.6006249402915907
with_mask,saltpepper,median,28.009636536308626,0.8524370632400808
with_mask,saltpepper,none,17.381666858636112,0.39868124959670515
with_mask,saltpepper,mean,24.355150373894045,0.611866729482538
with_mask,saltpepper,median,29.452383426637773,0.8824291918768733
with_mask,saltpepper,none,17.776159101839177,0.39348855525750875
with_mask,saltpepper,mean,24.493046350253735,0.5856746591228797
with_mask,saltpepper,median,28.995820160162577,0.8201815958369147
with_mask,blur,none,24.21821469052734,0.7651462360992425
with_mask,blur,mean,23.987861202133764,0.7441371294224042
with_mask,blur,median,24.084627736990576,0.7507040018690522
with_mask,blur,none,20.304370843671723,0.5571266436755327
with_mask,blur,mean,20.12301296996197,0.5367917935534717
with_mask,blur,median,20.225282983423355,0.5446310595930216
with_mask,blur,none,23.96251381635768,0.7081188135499695
with_mask,blur,mean,23.829458650461973,0.6957565360356962
with_mask,blur,median,23.9125016068961,0.6990786824992431
with_mask,blur,none,23.749314210513894,0.7015462813475448
with_mask,blur,mean,23.532962090746988,0.6820109233679869
with_mask,blur,median,23.665509820224425,0.6897836051477203
with_mask,blur,none,24.008068655654608,0.6518558646167878
with_mask,blur,mean,23.71585329816908,0.6321518214792287
with_mask,blur,median,23.86080413752074,0.6378362202648903
with_mask,blur,none,24.44249378080451,0.7272252213340457
with_mask,blur,mean,24.123598103346605,0.7027946183173714
with_mask,blur,median,24.342451537213577,0.7125568569844397
with_mask,blur,none,22.822625290238946,0.6793556366595951
with_mask,blur,mean,22.687314244088405,0.6651575312966151
with_mask,blur,median,22.76918731956899,0.6692600388809312
with_mask,blur,none,28.724499634836498,0.9028095638697705
with_mask,blur,mean,28.560754958928246,0.8985982276698267
with_mask,blur,median,28.676255905712026,0.9011220558161733
with_mask,blur,none,23.533019333753824,0.7446034440333578
with_mask,blur,mean,23.347424805907423,0.729883025658779
with_mask,blur,median,23.450023712309033,0.7373685806904834
with_mask,blur,none,23.499274947330168,0.6043676060831252
with_mask,blur,mean,23.36686558072123,0.5901999346552852
with_mask,blur,median,23.44193836457412,0.5954251547216908
with_mask,blur,none,23.84067553974342,0.7605146994085294
with_mask,blur,mean,23.671643029079974,0.7535290019298652
with_mask,blur,median,23.798059527863202,0.7579392999984766
with_mask,blur,none,22.909650516763662,0.7035512715813125
with_mask,blur,mean,22.786674499552724,0.6947321258925827
with_mask,blur,median,22.86622421976055,0.698949029956989
with_mask,blur,none,23.089976009885234,0.6632864787063465
with_mask,blur,mean,22.819777171094138,0.6421007055825743
with_mask,blur,median,22.970494282650492,0.6517730358682923
with_mask,blur,none,32.95194279369064,0.9510955559340979
with_mask,blur,mean,32.58258897030082,0.9466224777737371
with_mask,blur,median,32.85654792028346,0.9491282821276382
with_mask,blur,none,29.530790352034366,0.9172285179671368
with_mask,blur,mean,29.103904583484926,0.9101250710997711
with_mask,blur,median,29.32906377531365,0.9142780829924462
with_mask,blur,none,28.072758272057598,0.8386135719010759
with_mask,blur,mean,27.945698468533436,0.8338361483206174
with_mask,blur,median,28.037947474050004,0.835702261336675
with_mask,blur,none,24.174727550904702,0.6797585282540286
with_mask,blur,mean,24.09346171799873,0.6753238376872277
with_mask,blur,median,24.149443666109335,0.6774289760602645
with_mask,blur,none,29.961689047707047,0.9149262718607
with_mask,blur,mean,29.713725720749565,0.908494013399447
with_mask,blur,median,29.933173273793244,0.9117458214631441
with_mask,blur,none,20.449799131394325,0.6490793557194878
with_mask,blur,mean,20.28412138743887,0.6249633484064302
with_mask,blur,median,20.35837940801421,0.6322006393642283
with_mask,blur,none,35.1525395391799,0.9456817820070578
with_mask,blur,mean,34.79766811647035,0.9424234449609483
with_mask,blur,median,35.06734753190003,0.9440708384474017
with_mask,blur,none,24.21076018343935,0.666364277031335
with_mask,blur,mean,24.040678950177778,0.6510723222935821
with_mask,blur,median,24.11812367703407,0.6555926780227157
with_mask,blur,none,26.50456362738884,0.8695856705198027
with_mask,blur,mean,26.2437075273716,0.8604425731997862
with_mask,blur,median,26.45805058044044,0.8668617249128486
with_mask,blur,none,21.331661099405473,0.5834904785889753
with_mask,blur,mean,21.159347217818016,0.5526030770716865
with_mask,blur,median,21.24861616686118,0.5630068086542556
with_mask,blur,none,24.414012980129684,0.6973298970424634
with_mask,blur,mean,24.29632563988036,0.6862050265487653
with_mask,blur,median,24.360126384532403,0.6897605577479823
with_mask,blur,none,23.049830482523195,0.7299424428936857
with_mask,blur,mean,22.84925234494777,0.7076164092451419
with_mask,blur,median,22.95931625254353,0.7178168512514863
with_mask,blur,none,23.167352006563124,0.6082218342743982
with_mask,blur,mean,22.98348994605584,0.5802781361217346
with_mask,blur,median,23.061013403590437,0.5883904625444476
with_mask,blur,none,32.60701296041094,0.9391533010785144
with_mask,blur,mean,32.27275345975557,0.9352909873616969
with_mask,blur,median,32.523993760776335,0.9374270374514665
with_mask,blur,none,23.880121258490213,0.6389379225032475
with_mask,blur,mean,23.707607652069406,0.6113449318262308
with_mask,blur,median,23.801455992360122,0.6207173421361479
with_mask,blur,none,23.40471020360697,0.6872643440444062
with_mask,blur,mean,23.222621130045574,0.6648594692224518
with_mask,blur,median,23.30311416406609,0.6714552372446848
with_mask,blur,none,23.631429418375536,0.5635407872239956
with_mask,blur,mean,23.509495130939268,0.5500120863637222
with_mask,blur,median,23.58927906770761,0.5550835214454743
without_mask,gaussian,none,23.69678165095646,0.3966350247434718
without_mask,gaussian,mean,30.729554179464685,0.7665592444055972
without_mask,gaussian,median,29.878393246686453,0.7160190332109212
without_mask,gaussian,none,23.337707065060158,0.43465970373095036
without_mask,gaussian,mean,27.980693948926714,0.706051780436403
without_mask,gaussian,median,27.52675774115058,0.66052431822526
without_mask,gaussian,none,23.239867290508933,0.4193335474813875
without_mask,gaussian,mean,30.122523815979918,0.753925722276576
without_mask,gaussian,median,29.072961152999703,0.7018043170897718
without_mask,gaussian,none,23.4949679384447,0.39094715775767447
without_mask,gaussian,mean,30.652573166267562,0.7790276896011131
without_mask,gaussian,median,29.67853874445714,0.7175534799005074
without_mask,gaussian,none,23.45154803862708,0.4684858332609536
without_mask,gaussian,mean,30.66313266075937,0.8255559633088839
without_mask,gaussian,median,29.644102755881466,0.7745838012088743
without_mask,gaussian,none,23.446689234508085,0.5504191260593991
without_mask,gaussian,mean,25.42719668781503,0.7161039771524292
without_mask,gaussian,median,26.379232781693823,0.6939268893171349
without_mask,gaussian,none,23.972037165068375,0.4588144721323544
without_mask,gaussian,mean,25.554524602374226,0.6962107064422788
without_mask,gaussian,median,26.9252925593354,0.6644051612623548
without_mask,gaussian,none,23.33967251912729,0.33849289167692787
without_mask,gaussian,mean,30.999553047485886,0.7464456049381579
without_mask,gaussian,median,29.783061578837938,0.6843362818928616
without_mask,gaussian,none,23.397231842562046,0.6005845388061942
without_mask,gaussian,mean,27.27694349665695,0.8064649327253138
without_mask,gaussian,median,27.318725498061877,0.7817002689605159
without_mask,gaussian,none,23.606849281741724,0.4182940693636454
without_mask,gaussian,mean,30.954938055451407,0.7865319355277638
without_mask,gaussian,median,29.88683697175595,0.7352957793595726
without_mask,gaussian,none,23.697006697106442,0.36637233385590556
without_mask,gaussian,mean,30.668750338734405,0.7375109093665264
without_mask,gaussian,median,29.815338556590667,0.689771620773452
without_mask,gaussian,none,23.375534496284747,0.4744565172225835
without_mask,gaussian,mean,30.4103364924076,0.8141500889744675
without_mask,gaussian,median,29.368130452788314,0.7649619191733876
without_mask,gaussian,none,23.623121261615957,0.4321729235947525
without_mask,gaussian,mean,29.404117690249567,0.7614589129586622
without_mask,gaussian,median,28.90620996215194,0.7045848211820651
without_mask,gaussian,none,23.397799021673244,0.30504556959608736
without_mask,gaussian,mean,30.761278869974717,0.7220985616103232
without_mask,gaussian,median,29.71895132109875,0.6530845452072005
without_mask,gaussian,none,23.345824137463694,0.3114729734945817
without_mask,gaussian,mean,31.080856292105423,0.7296679736253403
without_mask,gaussian,median,29.860649772766532,0.6623278417389439
without_mask,gaussian,none,23.371647808148765,0.34007468947061953
without_mask,gaussian,mean,30.89006718500618,0.7416014491149788
without_mask,gaussian,median,29.799221492748444,0.679726540016986
without_mask,gaussian,none,23.46999351158462,0.38983812183982786
without_mask,gaussian,mean,30.439918101577273,0.7679504136807663
without_mask,gaussian,median,29.50559206497251,0.70473072050151
without_mask,gaussian,none,23.68278647305177,0.38344052215463126
without_mask,gaussian,mean,30.700055915243688,0.7562328548708696
without_mask,gaussian,median,29.719859226310174,0.7022428019609651
without_mask,gaussian,none,23.40820127080383,0.3026108533914191
without_mask,gaussian,mean,30.995830500228973,0.7126622118933311
without_mask,gaussian,median,29.824194134601285,0.6475752338735394
without_mask,gaussian,none,23.60468599230113,0.37108396985771624
without_mask,gaussian,mean,30.967121438826098,0.7652051622861841
without_mask,gaussian,median,29.874791550120776,0.7027308319431024
without_mask,gaussian,none,23.937913238391037,0.5753858630398786
without_mask,gaussian,mean,25.9075961499249,0.7496804912151943
without_mask,gaussian,median,26.528510560677997,0.7208998070085998
without_mask,gaussian,none,23.377316269541417,0.42904884107334396
without_mask,gaussian,mean,30.6505902217566,0.7873532774925985
without_mask,gaussian,median,29.496909956857152,0.7341641074585362
without_mask,gaussian,none,23.539714304334098,0.461799378618085
without_mask,gaussian,mean,30.4543080455182,0.8003960416906507
without_mask,gaussian,median,29.493364638431512,0.7544800935432775
without_mask,gaussian,none,23.28767210170042,0.3693541584602074
without_mask,gaussian,mean,30.991208793670953,0.7656478801664539
without_mask,gaussian,median,29.700184238466413,0.7043242122332125
without_mask,gaussian,none,23.656173273713172,0.6146011717169152
without_mask,gaussian,mean,25.55881634176542,0.7073931806226254
without_mask,gaussian,median,25.506348961146674,0.6766528787497562
without_mask,gaussian,none,23.1919150808455,0.303095451913348
without_mask,gaussian,mean,30.966512412090147,0.7181286359887912
without_mask,gaussian,median,29.72683039898564,0.6532095460182589
without_mask,gaussian,none,23.69716609858819,0.49721180704639595
without_mask,gaussian,mean,30.367722867716658,0.818456665259022
without_mask,gaussian,median,29.408313820048466,0.769944269656266
without_mask,gaussian,none,23.235871151372677,0.28975697999165034
without_mask,gaussian,mean,30.89726428722254,0.7061223785036636
without_mask,gaussian,median,29.733019190008413,0.641281838966793
without_mask,gaussian,none,23.790205819167372,0.2852112786363556
without_mask,gaussian,mean,31.12652214489122,0.689787725238984
without_mask,gaussian,median,29.880810580615076,0.6144239678696096
without_mask,gaussian,none,23.50549184552335,0.33811134337814003
without_mask,gaussian,mean,31.04729400153151,0.742179532351471
without_mask,gaussian,median,29.972874195804646,0.684885577946599
without_mask,saltpepper,none,17.361084200593186,0.3085679880193119
without_mask,saltpepper,mean,26.114058050232916,0.6064476398114983
without_mask,saltpepper,median,39.96306342819811,0.9762073891543078
without_mask,saltpepper,none,17.7493327791759,0.3084665138658644
without_mask,saltpepper,mean,25.43754896015291,0.5681372519642315
without_mask,saltpepper,median,31.423713691531844,0.8906545522829997
without_mask,saltpepper,none,18.350606754187243,0.3198277706048214
without_mask,saltpepper,mean,26.557787009532603,0.6335042019780349
without_mask,saltpepper,median,34.788693332386174,0.9330593254376573
without_mask,saltpepper,none,17.320907640641558,0.28570917451906735
without_mask,saltpepper,mean,26.082621842644585,0.5914815907764831
without_mask,saltpepper,median,40.60275356975738,0.9810600031665077
without_mask,saltpepper,none,17.66471347060007,0.34247250328649875
without_mask,saltpepper,mean,26.434911152016518,0.6685376444377263
without_mask,saltpepper,median,38.215046927508,0.9751814909991214
without_mask,saltpepper,none,17.736646561022773,0.41590947362197356
without_mask,saltpepper,mean,23.72513494542483,0.6129305740267191
without_mask,saltpepper,median,28.680494155775417,0.8642031056887047
without_mask,saltpepper,none,17.011297346199218,0.37886220371199314
without_mask,saltpepper,mean,23.452398937405796,0.5471820064583157
without_mask,saltpepper,median,29.379627290886923,0.9305339602176614
without_mask,saltpepper,none,18.1543498818788,0.2535120653363181
without_mask,saltpepper,mean,27.149702403535514,0.6015207512455375
without_mask,saltpepper,median,39.97364937271223,0.9712994413825952
without_mask,saltpepper,none,17.712998854383354,0.45136650686589047
without_mask,saltpepper,mean,24.775505252242365,0.6943781939773138
without_mask,saltpepper,median,30.895607721909506,0.9326032510977958
without_mask,saltpepper,none,17.443019496098824,0.3173709219664645
without_mask,saltpepper,mean,26.27443495784012,0.621445827905906
without_mask,saltpepper,median,40.002587697208575,0.9844342358055052
without_mask,saltpepper,none,17.5627438229576,0.28466561328310397
without_mask,saltpepper,mean,26.28724688135135,0.5863242362343201
without_mask,saltpepper,median,38.68211898763314,0.9657960925298569
without_mask,saltpepper,none,18.046529904248175,0.35373266391377395
without_mask,saltpepper,mean,26.551569632960856,0.6840780568067687
without_mask,saltpepper,median,36.823758130775566,0.9658132540854826
without_mask,saltpepper,none,17.093708986543284,0.35374863235966086
without_mask,saltpepper,mean,25.227995512623043,0.5931945676601919
without_mask,saltpepper,median,35.52520563017595,0.9683844622155307
without_mask,saltpepper,none,17.597426266249286,0.24277654665834478
without_mask,saltpepper,mean,26.322327636645095,0.5431659212029317
without_mask,saltpepper,median,41.487148101969915,0.9787832646086704
without_mask,saltpepper,none,17.864646919415186,0.23743464510990156
without_mask,saltpepper,mean,26.859071732961937,0.5672778041920409
without_mask,saltpepper,median,41.07079976959608,0.9765625983683677
without_mask,saltpepper,none,18.042901798911977,0.26022291649098905
without_mask,saltpepper,mean,26.791966867688206,0.5895665383930778
without_mask,saltpepper,median,38.04971326932995,0.9668023204061057
without_mask,saltpepper,none,17.80002398534574,0.2928301358571901
without_mask,saltpepper,mean,26.46928502467519,0.6044358578109623
without_mask,saltpepper,median,38.219483780075166,0.9662929498660806
without_mask,saltpepper,none,17.177110341142622,0.2838271630988234
without_mask,saltpepper,mean,26.025648834638815,0.5729119777981421
without_mask,saltpepper,median,39.811879187463035,0.9795901799160163
without_mask,saltpepper,none,18.011238692465767,0.23246791264615288
without_mask,saltpepper,mean,26.781569372175685,0.5546809013761869
without_mask,saltpepper,median,38.74390021271357,0.9569775005805458
without_mask,saltpepper,none,17.255170201424622,0.2874043486011396
without_mask,saltpepper,mean,26.034482203376037,0.5768362314409718
without_mask,saltpepper,median,41.91072793316803,0.9837840096383869
without_mask,saltpepper,none,16.982337630403524,0.4236604418895163
without_mask,saltpepper,mean,23.734467937165565,0.6006708905561907
without_mask,saltpepper,median,29.033507145879646,0.8782284559882276
without_mask,saltpepper,none,17.993719847436346,0.3240414867133292
without_mask,saltpepper,mean,26.776277016217037,0.6540023332195828
without_mask,saltpepper,median,38.61322142297407,0.9749554281531267
without_mask,saltpepper,none,17.5945521375446,0.3417486670342631
without_mask,saltpepper,mean,26.29921369219659,0.6561415428582168
without_mask,saltpepper,median,38.276073714146406,0.9723250113964693
without_mask,saltpepper,none,18.066808485956244,0.27470278447728985
without_mask,saltpepper,mean,26.96571040519659,0.6174333194059606
without_mask,saltpepper,median,39.84407984351448,0.9741482586958753
without_mask,saltpepper,none,17.088861990638616,0.42083941036035316
without_mask,saltpepper,mean,23.57582534463922,0.5899831867499518
without_mask,saltpepper,median,27.36692757492598,0.809390295735014
without_mask,saltpepper,none,18.17009691019788,0.22459677155144175
without_mask,saltpepper,mean,27.17364335938199,0.5729406537946687
without_mask,saltpepper,median,40.879540089793394,0.9794696694538362
without_mask,saltpepper,none,17.232452154782123,0.37863827998942384
without_mask,saltpepper,mean,25.815694352271578,0.6609517109920889
without_mask,saltpepper,median,38.60910106124998,0.9798870649479584
without_mask,saltpepper,none,18.231678615021004,0.21508702214313144
without_mask,saltpepper,mean,27.342619368036004,0.5640512234448876
without_mask,saltpepper,median,42.10443668091163,0.9786650418935992
without_mask,saltpepper,none,16.701671581243108,0.2421753687306265
without_mask,saltpepper,mean,25.498554211338522,0.4698866908037813
without_mask,saltpepper,median,40.275372167635865,0.9791360970066961
without_mask,saltpepper,none,17.500459354345814,0.24875663499020542
without_mask,saltpepper,mean,26.478152051118755,0.5713301290899767
without_mask,saltpepper,median,43.13287234309749,0.984483508097278
without_mask,blur,none,33.72004744159406,0.9565888392571722
without_mask,blur,mean,33.33760237620129,0.9555561415352742
without_mask,blur,median,33.648574301163556,0.956179144390719
without_mask,blur,none,26.633989807291208,0.753064460927677
without_mask,blur,mean,26.38297125089001,0.7364717360151615
without_mask,blur,median,26.489131104897517,0.7412459861741484
without_mask,blur,none,26.874794650839515,0.756263906677772
without_mask,blur,mean,26.772980079488065,0.7530285858414891
without_mask,blur,median,26.84206351598656,0.7548325212395305
without_mask,blur,none,30.72090786218515,0.9089739584550246
without_mask,blur,mean,30.540183021822443,0.9075116345938117
without_mask,blur,median,30.670225460672015,0.9082938513456248
without_mask,blur,none,28.090390217092512,0.8511121677411652
without_mask,blur,mean,27.913825470027618,0.847396510245859
without_mask,blur,median,28.035263273561487,0.8494664501350594
without_mask,blur,none,21.63693005953771,0.6382137694893631
without_mask,blur,mean,21.30754419030872,0.6170708417006053
without_mask,blur,median,21.57480635459048,0.6278379571536171
without_mask,blur,none,21.760665105060074,0.7227518712652725
without_mask,blur,mean,21.514914033547292,0.7107930555288062
without_mask,blur,median,21.713655279407007,0.7195879511372318
without_mask,blur,none,31.182041944222743,0.8991902759843956
without_mask,blur,mean,31.03153807060929,0.8987219659903379
without_mask,blur,median,31.149301590781242,0.8991416271962756
without_mask,blur,none,20.904656707270284,0.584211985471459
without_mask,blur,mean,20.79454638861831,0.5688710889180244
without_mask,blur,median,20.86230463401629,0.5759703554976618
without_mask,blur,none,30.03563936685636,0.9128356462362667
without_mask,blur,mean,29.82451776553942,0.9107388869372876
without_mask,blur,median,29.980782020781408,0.9120400290272234
without_mask,blur,none,31.363322520743058,0.8887343000131341
without_mask,blur,mean,31.188683073048633,0.8889502942679011
without_mask,blur,median,31.325301495291768,0.8884820846402883
without_mask,blur,none,26.024853887761203,0.7612661516676607
without_mask,blur,mean,25.92562921097508,0.7603744726010829
without_mask,blur,median,25.993907191738607,0.7608996068982918
without_mask,blur,none,22.641945752111834,0.784693833042009
without_mask,blur,mean,22.587528991962316,0.783958276876611
without_mask,blur,median,22.632261635757587,0.7848197579711028
without_mask,blur,none,33.71873478702096,0.9540166221767187
without_mask,blur,mean,33.395991080869976,0.9520580288592698
without_mask,blur,median,33.636649150327344,0.9536023893908535
without_mask,blur,none,33.92310287335214,0.9549962434808559
without_mask,blur,mean,33.65354609760162,0.9535788089115664
without_mask,blur,median,33.869233024198515,0.954623481365637
without_mask,blur,none,33.49032834589494,0.9540429448523363
without_mask,blur,mean,33.153641017253435,0.9516733077411392
without_mask,blur,median,33.42330609970032,0.9533663106177276
without_mask,blur,none,30.703296418110813,0.9178512934172112
without_mask,blur,mean,30.465233970336108,0.9137779372411045
without_mask,blur,median,30.628104003652176,0.91599015248851
without_mask,blur,none,27.432455194238617,0.8032981602279398
without_mask,blur,mean,27.31001987078337,0.8017248377274152
without_mask,blur,median,27.388246117085377,0.8028285920964104
without_mask,blur,none,32.30670680081446,0.8917593120617672
without_mask,blur,mean,32.13030285388558,0.8911992876101467
without_mask,blur,median,32.272082756464755,0.891889863397933
without_mask,blur,none,33.71090709775935,0.9588430943145898
without_mask,blur,mean,33.37052210432112,0.9573901680155937
without_mask,blur,median,33.64095442805167,0.9584281193885865
without_mask,blur,none,21.652679253227994,0.664483615003766
without_mask,blur,mean,21.518511540166067,0.6509011367558767
without_mask,blur,median,21.58966780677543,0.6553047507571629
without_mask,blur,none,27.663550439289004,0.8074697836998584
without_mask,blur,mean,27.55166636595616,0.8054337203022516
without_mask,blur,median,27.63538179515839,0.8067448985089106
without_mask,blur,none,26.87845854591915,0.7545776314650618
without_mask,blur,mean,26.77886494723101,0.7547792454896015
without_mask,blur,median,26.855268364093238,0.7545088282429355
without_mask,blur,none,29.304663282497163,0.8530349579758294
without_mask,blur,mean,29.1725336324479,0.8511079666233462
without_mask,blur,median,29.27209038259326,0.8524354009090173
without_mask,blur,none,23.939309080971753,0.6464344101278455
without_mask,blur,mean,23.585902070209453,0.6015727700218577
without_mask,blur,median,23.66082128103629,0.6091040658944799
without_mask,blur,none,36.82000776405529,0.9665168123702713
without_mask,blur,mean,36.450091263597606,0.9651000362132288
without_mask,blur,median,36.75555100348207,0.966137782600355
without_mask,blur,none,24.424779216131927,0.7583550633100745
without_mask,blur,mean,24.32640471648761,0.7563023306802256
without_mask,blur,median,24.400503643322264,0.7575962216154745
without_mask,blur,none,35.57787362231143,0.956783352364852
without_mask,blur,mean,35.264438921513964,0.9549836306305867
without_mask,blur,median,35.50031748758621,0.9562474457765203
without_mask,blur,none,29.383132506260047,0.8965499092446466
without_mask,blur,mean,29.29846977171485,0.8949232337505149
without_mask,blur,median,29.3702735815198,0.8963484611048534
without_mask,blur,none,34.21259153821868,0.956367335387129
without_mask,blur,mean,33.89506937755311,0.9551014216500112
without_mask,blur,median,34.15653216401792,0.9559851748566403
incorrect_mask,gaussian,none,23.478968511134415,0.5834424617988079
incorrect_mask,gaussian,mean,23.05917591393087,0.6625570707930876
incorrect_mask,gaussian,median,22.964024953159363,0.6336387890230282
incorrect_mask,gaussian,none,23.474254038419595,0.4850128270844681
incorrect_mask,gaussian,mean,26.51756722426533,0.6830591274372965
incorrect_mask,gaussian,median,26.470971215990872,0.6411674239089175
incorrect_mask,gaussian,none,23.182843112648346,0.38369601007554527
incorrect_mask,gaussian,mean,30.37676383573913,0.7526120106306706
incorrect_mask,gaussian,median,29.31053173183004,0.6956777057823507
incorrect_mask,gaussian,none,23.391544539479963,0.5369549464679743
incorrect_mask,gaussian,mean,27.132529749815276,0.7654858600928695
incorrect_mask,gaussian,median,27.574780980168793,0.7345884950520992
incorrect_mask,gaussian,none,24.022415304255333,0.46405999943806936
incorrect_mask,gaussian,mean,27.286106885397427,0.686613127512072
incorrect_mask,gaussian,median,27.569284207491073,0.664898149852962
incorrect_mask,gaussian,none,23.311566258713803,0.5938339850779376
incorrect_mask,gaussian,mean,26.241354212033325,0.719037430117568
incorrect_mask,gaussian,median,26.03838590377492,0.6916177820553128
incorrect_mask,gaussian,none,23.517418793807416,0.574049910513299
incorrect_mask,gaussian,mean,25.408685905103855,0.7071115207237094
incorrect_mask,gaussian,median,25.440901325730756,0.6795644063916254
incorrect_mask,gaussian,none,23.76300007273494,0.4511198845204784
incorrect_mask,gaussian,mean,27.760002770929656,0.6878691774457525
incorrect_mask,gaussian,median,27.738584111982153,0.6437633683521273
incorrect_mask,gaussian,none,23.48091196128687,0.4613046911672662
incorrect_mask,gaussian,mean,27.61458795988466,0.7080721750855309
incorrect_mask,gaussian,median,27.591076137399718,0.664869143656818
incorrect_mask,gaussian,none,23.22048393918431,0.398734061195208
incorrect_mask,gaussian,mean,28.728654699923073,0.6898342657140356
incorrect_mask,gaussian,median,28.11771816665244,0.6406879961658434
incorrect_mask,gaussian,none,23.41975524200516,0.5557630066360719
incorrect_mask,gaussian,mean,26.488980351302935,0.7172911547702888
incorrect_mask,gaussian,median,26.254073362214317,0.6834184458783467
incorrect_mask,gaussian,none,24.14711200164135,0.42959904198786675
incorrect_mask,gaussian,mean,26.445344632842854,0.5746873344553888
incorrect_mask,gaussian,median,27.36861845550895,0.5697521963695564
incorrect_mask,gaussian,none,23.924358448354837,0.4781497481005463
incorrect_mask,gaussian,mean,27.008524022009084,0.7473214492003173
incorrect_mask,gaussian,median,27.549820003936127,0.7028138012048765
incorrect_mask,gaussian,none,23.393748984760187,0.4693149273633416
incorrect_mask,gaussian,mean,28.446715486321157,0.7296066397939609
incorrect_mask,gaussian,median,27.86804044786923,0.687600956644689
incorrect_mask,gaussian,none,23.6726003651242,0.5179765522709784
incorrect_mask,gaussian,mean,27.736173856006154,0.7614842442150311
incorrect_mask,gaussian,median,28.01009497763004,0.7277856904739218
incorrect_mask,gaussian,none,23.82577568324262,0.4338813188875616
incorrect_mask,gaussian,mean,27.409824369539994,0.7145641336620644
incorrect_mask,gaussian,median,27.70409880573418,0.6686749685298116
incorrect_mask,gaussian,none,23.291064002484,0.48558430660335095
incorrect_mask,gaussian,mean,27.868758056492933,0.7431245451216423
incorrect_mask,gaussian,median,27.648072516235157,0.699812784952925
incorrect_mask,gaussian,none,23.3229329670328,0.5196151943277374
incorrect_mask,gaussian,mean,26.739591522056195,0.7267670516543824
incorrect_mask,gaussian,median,26.65154035035508,0.6893286165684683
incorrect_mask,gaussian,none,23.524986026717652,0.41059008303137245
incorrect_mask,gaussian,mean,27.583416683648785,0.6726953401767855
incorrect_mask,gaussian,median,27.598729190458027,0.6276126446343636
incorrect_mask,gaussian,none,23.715719184406865,0.5434740799008404
incorrect_mask,gaussian,mean,26.498404786643892,0.7393466268381509
incorrect_mask,gaussian,median,27.2085996597133,0.7080814610794107
incorrect_mask,gaussian,none,23.41533174954997,0.5522032419239228
incorrect_mask,gaussian,mean,26.129300726362274,0.764552450068582
incorrect_mask,gaussian,median,26.819744624628154,0.7374652176547888
incorrect_mask,gaussian,none,23.343403260192787,0.7220650395443687
incorrect_mask,gaussian,mean,22.540620090957812,0.7601252894309796
incorrect_mask,gaussian,median,23.24502564230603,0.7654293366416044
incorrect_mask,gaussian,none,23.267180869154693,0.6500442936641346
incorrect_mask,gaussian,mean,25.585006026020345,0.7620145689839348
incorrect_mask,gaussian,median,25.366602830450805,0.7384407910190163
incorrect_mask,gaussian,none,23.48360438710886,0.5434951858105829
incorrect_mask,gaussian,mean,27.340679103261824,0.7407590515065742
incorrect_mask,gaussian,median,27.080703071888127,0.7075401706466544
incorrect_mask,gaussian,none,23.347377520324333,0.4999732012980876
incorrect_mask,gaussian,mean,26.333359382826703,0.6975912401825838
incorrect_mask,gaussian,median,26.45045804650939,0.6679665393131149
incorrect_mask,gaussian,none,23.312368461196932,0.47714450196898756
incorrect_mask,gaussian,mean,27.0443724347543,0.6942591712842524
incorrect_mask,gaussian,median,26.88311950051012,0.6539984998331603
incorrect_mask,gaussian,none,23.881417606768753,0.6380322456350143
incorrect_mask,gaussian,mean,24.64708917867302,0.78746405894793
incorrect_mask,gaussian,median,25.460198218472332,0.7675187152090533
incorrect_mask,gaussian,none,23.42518517602564,0.5341109736788915
incorrect_mask,gaussian,mean,26.853224231350534,0.714839601834094
incorrect_mask,gaussian,median,26.79818583699592,0.6837238205140085
incorrect_mask,gaussian,none,23.333924264030586,0.4268351006969952
incorrect_mask,gaussian,mean,28.005811705481094,0.7080345147579267
incorrect_mask,gaussian,median,27.736854870945283,0.660231148072504
incorrect_mask,gaussian,none,23.288653384590546,0.5520634432155698
incorrect_mask,gaussian,mean,27.16591309935751,0.7273176201538952
incorrect_mask,gaussian,median,26.923197143097987,0.696214479117318
incorrect_mask,saltpepper,none,17.895615684882628,0.4467774324440754
incorrect_mask,saltpepper,mean,21.95910813004138,0.5491831650656459
incorrect_mask,saltpepper,median,23.654793325384027,0.7660468797996316
incorrect_mask,saltpepper,none,17.875870619930904,0.36613179750981745
incorrect_mask,saltpepper,mean,24.462512349233023,0.5555753198666267
incorrect_mask,saltpepper,median,28.85448028119228,0.8347406807038983
incorrect_mask,saltpepper,none,18.032664781075155,0.27563419619158397
incorrect_mask,saltpepper,mean,26.87424831022533,0.6148013142275106
incorrect_mask,saltpepper,median,38.886507354038166,0.9794556119890503
incorrect_mask,saltpepper,none,17.786947429552555,0.4090534589437014
incorrect_mask,saltpepper,mean,24.815474807753752,0.6520164632318082
incorrect_mask,saltpepper,median,31.375938085861673,0.9223965126360235
incorrect_mask,saltpepper,none,16.88999451353734,0.3739011125524576
incorrect_mask,saltpepper,mean,24.315345446614486,0.536297850525572
incorrect_mask,saltpepper,median,31.04926248983825,0.922227137617191
incorrect_mask,saltpepper,none,18.01223800545393,0.42978552791443564
incorrect_mask,saltpepper,mean,24.38322228542914,0.6255129246243393
incorrect_mask,saltpepper,median,28.21870041035079,0.8334282521736879
incorrect_mask,saltpepper,none,17.423987912926748,0.42758407432996054
incorrect_mask,saltpepper,mean,23.513173933832924,0.5901080493500602
incorrect_mask,saltpepper,median,27.17755311799032,0.8379930396843148
incorrect_mask,saltpepper,none,17.2130411493793,0.33580175847332877
incorrect_mask,saltpepper,mean,24.69323826257827,0.5278297807511783
incorrect_mask,saltpepper,median,31.318442316867802,0.8602479568044811
incorrect_mask,saltpepper,none,17.33490916793543,0.3539722404409608
incorrect_mask,saltpepper,mean,24.626442785554712,0.5691576375452186
incorrect_mask,saltpepper,median,30.962804921553065,0.888721778556422
incorrect_mask,saltpepper,none,18.17886063794841,0.2860030598381624
incorrect_mask,saltpepper,mean,26.01098249668798,0.5629111378231632
incorrect_mask,saltpepper,median,32.49122913621859,0.8940821873572161
incorrect_mask,saltpepper,none,17.89310819846479,0.41732009467224596
incorrect_mask,saltpepper,mean,24.46790226130959,0.6071637872279552
incorrect_mask,saltpepper,median,28.376732837956126,0.8454035531309554
incorrect_mask,saltpepper,none,16.725862461775247,0.36705102880440305
incorrect_mask,saltpepper,mean,23.719612725811885,0.47736017036330763
incorrect_mask,saltpepper,median,30.330855851996358,0.8671646496769014
incorrect_mask,saltpepper,none,16.84712447352932,0.3730571574100674
incorrect_mask,saltpepper,mean,23.993473242274845,0.5461151050858993
incorrect_mask,saltpepper,median,30.697092230128213,0.9165198527778412
incorrect_mask,saltpepper,none,17.778502769805225,0.3455140852929943
incorrect_mask,saltpepper,mean,25.40059226506194,0.5998306277870267
incorrect_mask,saltpepper,median,31.726021892933627,0.9001633831917256
incorrect_mask,saltpepper,none,17.312011736866342,0.39006760572821536
incorrect_mask,saltpepper,mean,24.71954351547526,0.6171744451288077
incorrect_mask,saltpepper,median,31.981180933259218,0.9143018112896094
incorrect_mask,saltpepper,none,17.075507430937368,0.33973427742842816
incorrect_mask,saltpepper,mean,24.338842061334685,0.5342414045186522
incorrect_mask,saltpepper,median,31.000580740073815,0.9136369661699515
incorrect_mask,saltpepper,none,17.655851570104225,0.3581670092870463
incorrect_mask,saltpepper,mean,25.18843678014381,0.6131655181986774
incorrect_mask,saltpepper,median,31.72527435067098,0.9161609273156591
incorrect_mask,saltpepper,none,18.269768858722756,0.4038181501308841
incorrect_mask,saltpepper,mean,24.73354370414173,0.6197359222305638
incorrect_mask,saltpepper,median,29.0117306602416,0.8556202215382619
incorrect_mask,saltpepper,none,17.563837148303143,0.313896383450065
incorrect_mask,saltpepper,mean,24.89594249997664,0.5228222977136133
incorrect_mask,saltpepper,median,30.994569430464153,0.8862409256945072
incorrect_mask,saltpepper,none,17.224393045389853,0.40696368174327685
incorrect_mask,saltpepper,mean,24.02463143978743,0.5978726899933591
incorrect_mask,saltpepper,median,29.95816836158635,0.8755654236492497
incorrect_mask,saltpepper,none,17.655417196691058,0.4193691098600822
incorrect_mask,saltpepper,mean,24.14104977893855,0.6463103585318765
incorrect_mask,saltpepper,median,29.667572074238706,0.9128514881820052
incorrect_mask,saltpepper,none,17.75768306967493,0.5663926601405275
incorrect_mask,saltpepper,mean,21.533119623114114,0.6907344176307597
incorrect_mask,saltpepper,median,24.089048229802046,0.8619370836772428
incorrect_mask,saltpepper,none,17.89978731795201,0.48648817405939976
incorrect_mask,saltpepper,mean,23.83673929332162,0.6757900798828875
incorrect_mask,saltpepper,median,27.080954234038206,0.8534184570708533
incorrect_mask,saltpepper,none,17.824106276571953,0.4087180931054233
incorrect_mask,saltpepper,mean,24.905586629206674,0.6230440874253559
incorrect_mask,saltpepper,median,29.942877784325983,0.8799962954940915
incorrect_mask,saltpepper,none,18.03214884493271,0.3740398895715258
incorrect_mask,saltpepper,mean,24.410333244827868,0.5898848281633334
incorrect_mask,saltpepper,median,28.767277727786254,0.8544662047723977
incorrect_mask,saltpepper,none,17.856060356036203,0.3535991784306482
incorrect_mask,saltpepper,mean,24.794654753423927,0.5688385481010815
incorrect_mask,saltpepper,median,29.78938803732197,0.8701205755988806
incorrect_mask,saltpepper,none,16.922168543940636,0.4911167964727854
incorrect_mask,saltpepper,mean,22.77648658145816,0.6447891452717872
incorrect_mask,saltpepper,median,27.22451519344766,0.8975852542619615
incorrect_mask,saltpepper,none,17.669138191825322,0.3934301344375533
incorrect_mask,saltpepper,mean,24.615766045993265,0.5987306261540417
incorrect_mask,saltpepper,median,29.470686702475554,0.8576462407273544
incorrect_mask,saltpepper,none,17.666197906817292,0.31122782025658446
incorrect_mask,saltpepper,mean,25.35040634987262,0.5626555058762289
incorrect_mask,saltpepper,median,31.829563906818684,0.9033782662356481
incorrect_mask,saltpepper,none,17.848981378259083,0.40282703673863035
incorrect_mask,saltpepper,mean,24.861741876263245,0.6216686186194497
incorrect_mask,saltpepper,median,29.785025503757172,0.8609947589332511
incorrect_mask,blur,none,20.753922444723088,0.5652900936758026
incorrect_mask,blur,mean,20.662582846708027,0.5481692390711944
incorrect_mask,blur,median,20.688332066292894,0.5514497841399728
incorrect_mask,blur,none,24.454091978620394,0.680636145840375
incorrect_mask,blur,mean,24.274544618169646,0.6658881697183228
incorrect_mask,blur,median,24.351188746537204,0.669572840323203
incorrect_mask,blur,none,27.78021067517195,0.8898361655742976
incorrect_mask,blur,mean,27.591967739654805,0.8841071377192925
incorrect_mask,blur,median,27.69331381415521,0.8871167482343537
incorrect_mask,blur,none,22.202352228690515,0.6619080070615705
incorrect_mask,blur,mean,22.09616652776009,0.6507166120362246
incorrect_mask,blur,median,22.174750907257497,0.6564012981363112
incorrect_mask,blur,none,24.262393218922167,0.7480955036256498
incorrect_mask,blur,mean,24.021185425680457,0.7361932674758487
incorrect_mask,blur,median,24.138372873262377,0.7416636776443312
incorrect_mask,blur,none,23.371784923571006,0.5809039031458827
incorrect_mask,blur,mean,23.230348409321646,0.56255600383201
incorrect_mask,blur,median,23.296951723393047,0.5678250493902577
incorrect_mask,blur,none,22.45435059889834,0.6465134706264432
incorrect_mask,blur,mean,22.318362851146958,0.6315312013210287
incorrect_mask,blur,median,22.389364637928814,0.6371467432553194
incorrect_mask,blur,none,25.109662042545047,0.6881864531407628
incorrect_mask,blur,mean,24.963511995757305,0.6777356708695782
incorrect_mask,blur,median,25.040837645606537,0.6809556175651895
incorrect_mask,blur,none,25.018186817002217,0.7559813424185585
incorrect_mask,blur,mean,24.761712952684146,0.7372202168033334
incorrect_mask,blur,median,24.900261130871257,0.7430831694373815
incorrect_mask,blur,none,27.10504210903717,0.7506746668237939
incorrect_mask,blur,mean,26.96260445361745,0.7437743284297178
incorrect_mask,blur,median,27.050541630497538,0.7464752238144777
incorrect_mask,blur,none,23.422429953680908,0.6618530162176016
incorrect_mask,blur,mean,23.267623541185323,0.643752798934167
incorrect_mask,blur,median,23.334441141077274,0.6480566614265454
incorrect_mask,blur,none,24.41753077815399,0.719945642807423
incorrect_mask,blur,mean,24.144834169456306,0.7072085730375578
incorrect_mask,blur,median,24.34910576283191,0.7145699237410138
incorrect_mask,blur,none,23.56270959627625,0.7763836971108639
incorrect_mask,blur,mean,23.394553078533164,0.7671661996446196
incorrect_mask,blur,median,23.49756511497506,0.7717546166941048
incorrect_mask,blur,none,25.105804781472578,0.7246079547274625
incorrect_mask,blur,mean,25.00996330157998,0.7180285832121901
incorrect_mask,blur,median,25.071885868183045,0.7204702906964678
incorrect_mask,blur,none,22.947595985815123,0.7122489439204256
incorrect_mask,blur,mean,22.840193783023793,0.7044737546476464
incorrect_mask,blur,median,22.914386258619423,0.707847707008482
incorrect_mask,blur,none,25.011702968695726,0.7604779021804918
incorrect_mask,blur,mean,24.82248917608051,0.750840300501495
incorrect_mask,blur,median,24.943742129837077,0.7548165153912275
incorrect_mask,blur,none,24.684361816310158,0.7286563816016778
incorrect_mask,blur,mean,24.537032092387662,0.7170468005952809
incorrect_mask,blur,median,24.64512377374465,0.722695073402435
incorrect_mask,blur,none,23.6550312597136,0.6332092515998006
incorrect_mask,blur,mean,23.559244713430814,0.6240946447334172
incorrect_mask,blur,median,23.616827315647832,0.6268041914210104
incorrect_mask,blur,none,25.365718443019265,0.7474445231178938
incorrect_mask,blur,mean,25.150131997238645,0.7313549644320544
incorrect_mask,blur,median,25.26572864728287,0.7372414399922972
incorrect_mask,blur,none,22.437289520217355,0.6909949604061998
incorrect_mask,blur,mean,22.292209257146453,0.6815758835130641
incorrect_mask,blur,median,22.404717666382936,0.6854832306821915
incorrect_mask,blur,none,23.20100788489972,0.7234616653912047
incorrect_mask,blur,mean,22.801659444812774,0.70896727773575
incorrect_mask,blur,median,23.108163924158916,0.7185308492224646
incorrect_mask,blur,none,18.093512412267483,0.510550877236728
incorrect_mask,blur,mean,17.98301340314658,0.48981452916652657
incorrect_mask,blur,median,18.03245418396574,0.49720460420929524
incorrect_mask,blur,none,21.116817591324462,0.5500645437434017
incorrect_mask,blur,mean,21.04360073732188,0.5373562489985909
incorrect_mask,blur,median,21.080330433032806,0.5412253233945082
incorrect_mask,blur,none,23.975121801654563,0.6156637298367309
incorrect_mask,blur,mean,23.87756937609072,0.6095406490520695
incorrect_mask,blur,median,23.93691570165074,0.6116062904538678
incorrect_mask,blur,none,23.38396010236813,0.6578406547491533
incorrect_mask,blur,mean,23.24849024740344,0.6447605539656429
incorrect_mask,blur,median,23.317400772097052,0.6490870101364284
incorrect_mask,blur,none,25.371410797306645,0.7388359048217236
incorrect_mask,blur,mean,25.071354121806905,0.7160136562737064
incorrect_mask,blur,median,25.218986530283225,0.7230146697709342
incorrect_mask,blur,none,20.056214066830897,0.6461388686507022
incorrect_mask,blur,mean,19.8635795591914,0.6325094275381392
incorrect_mask,blur,median,19.98198741800245,0.6405759491888291
incorrect_mask,blur,none,23.449911318934888,0.6621847252727102
incorrect_mask,blur,mean,23.282311699666266,0.641381004744131
incorrect_mask,blur,median,23.358371458306415,0.6462101228559809
incorrect_mask,blur,none,26.052566852467315,0.77818513344021
incorrect_mask,blur,mean,25.897435690317398,0.76844906581844
incorrect_mask,blur,median,25.980574373642146,0.7724316312510727
incorrect_mask,blur,none,22.984476163985725,0.5741057814299025
incorrect_mask,blur,mean,22.91403484768825,0.5688556204426146
incorrect_mask,blur,median,22.962890678937526,0.5712345764053087
