class,K,psnr,ssim
with_mask,0.001,21.607415643358877,0.5831722931392304
with_mask,0.01,23.008497309121488,0.6648421333968269
with_mask,0.1,20.93734163822377,0.6690586820316653
with_mask,1.0,10.001420157611625,0.4606285493220937
with_mask,0.001,18.913047381754247,0.5339544852431315
with_mask,0.01,21.089901443080873,0.6591783416670981
with_mask,0.1,21.30549585471519,0.6974415855033427
with_mask,1.0,12.858717694152663,0.4981211064080349
with_mask,0.001,22.476769817478612,0.5883580334560343
with_mask,0.01,23.48565716886643,0.6614481219933505
with_mask,0.1,20.731172106409794,0.6845091134404703
with_mask,1.0,8.820017603649248,0.5143486387906466
with_mask,0.001,18.039334773794458,0.5219018412466202
with_mask,0.01,21.740761940077572,0.7554587058164334
with_mask,0.1,21.754605424766694,0.8669126636831131
with_mask,1.0,9.9702321185876,0.6737512584529495
with_mask,0.001,16.124288837036705,0.3640534671709499
with_mask,0.01,19.40448765897038,0.4942788531608421
with_mask,0.1,20.209337827801917,0.5109985301588114
with_mask,1.0,11.888285809818077,0.3414253511592586
with_mask,0.001,17.35105487236686,0.4369493253515778
with_mask,0.01,19.9874978550799,0.6023495397983557
with_mask,0.1,20.642069648263643,0.6968734115450219
with_mask,1.0,10.81328982870222,0.5332068743074865
with_mask,0.001,21.3432239921093,0.47792094165306837
with_mask,0.01,23.58294169510781,0.5719234312183166
with_mask,0.1,22.702347121720635,0.5903586401319034
with_mask,1.0,12.385358542579109,0.4227344192898013
with_mask,0.001,20.825521830510233,0.5913997079279927
with_mask,0.01,23.460804506772686,0.7125412148315402
with_mask,0.1,22.080924813386346,0.7211450715195409
with_mask,1.0,11.319162539596617,0.5189146143107302
with_mask,0.001,20.471289801281024,0.6234149803141887
with_mask,0.01,22.392316072680632,0.7253457189743601
with_mask,0.1,20.460659576915333,0.7275955462494856
with_mask,1.0,9.949757467138884,0.5220838303839583
with_mask,0.001,17.615458664151948,0.5213127810909338
with_mask,0.01,21.452942287536978,0.7665588009853302
with_mask,0.1,23.62652130686209,0.9002640139830123
with_mask,1.0,12.76686113085537,0.7067815561488232
with_mask,0.001,19.788344149727557,0.5772991478162004
with_mask,0.01,23.155963143446222,0.7056768870264931
with_mask,0.1,22.34858735581616,0.7426826722595363
with_mask,1.0,10.428508367367076,0.5540081441107598
with_mask,0.001,16.693336674892045,0.462006315578756
with_mask,0.01,19.778469216766975,0.5860736214590123
with_mask,0.1,21.77077471692558,0.6401484258422762
with_mask,1.0,13.645350314811802,0.48416978179750975
with_mask,0.001,15.806841077685352,0.40166758523768675
with_mask,0.01,19.177020716821758,0.5582689189452547
with_mask,0.1,20.100769078688376,0.6500265909859638
with_mask,1.0,10.227756766520631,0.5098605200759814
with_mask,0.001,21.754103402090653,0.44798864032736846
with_mask,0.01,23.66774235994505,0.5326457289470219
with_mask,0.1,23.016399168248203,0.5317787849071985
with_mask,1.0,14.489367230344428,0.3644161891428017
with_mask,0.001,18.238236666013982,0.45590554322474103
with_mask,0.01,20.44544789682092,0.5860759949103179
with_mask,0.1,20.075956603914417,0.624684386856906
with_mask,1.0,11.85316732610801,0.47665491768814544
with_mask,0.001,20.58357958323748,0.6318183174961917
with_mask,0.01,21.421142559356902,0.6958284161143625
with_mask,0.1,18.94222486035187,0.7075765962695032
with_mask,1.0,7.964399134271661,0.5289851734764862
with_mask,0.001,22.322505364002453,0.6419620890754199
with_mask,0.01,23.77455789417887,0.7078832740062747
with_mask,0.1,22.98538708156197,0.7239530025068296
with_mask,1.0,14.189387596504716,0.5680175509007779
with_mask,0.001,19.53473682680022,0.48476163483783197
with_mask,0.01,21.555308871041653,0.5769094240625768
with_mask,0.1,20.739243770591127,0.5816149432161469
with_mask,1.0,11.00465957416998,0.37934635397031374
with_mask,0.001,17.656488734989168,0.458916972148046
with_mask,0.01,20.50572468113461,0.5824767399584238
with_mask,0.1,21.223427755951093,0.6005813665689584
with_mask,1.0,13.092747708648695,0.41565264999714135
with_mask,0.001,16.68207773903361,0.31128819619896664
with_mask,0.01,20.57885832016563,0.5058515516233563
with_mask,0.1,23.371005483361262,0.6243738874981543
with_mask,1.0,16.02684159589135,0.4976795695618506
without_mask,0.001,18.130049477152554,0.4087421672874042
without_mask,0.01,22.489250235213888,0.6880350988711819
without_mask,0.1,23.560118752357173,0.8292475853786189
without_mask,1.0,11.361364709427342,0.6721234203575058
without_mask,0.001,19.41964603871274,0.5317398125958146
without_mask,0.01,22.35809124938902,0.6380198173149304
without_mask,0.1,21.339159805954345,0.6231202198095779
without_mask,1.0,10.146462500355689,0.39977253011455566
without_mask,0.001,17.81933219400043,0.5093404507134958
without_mask,0.01,21.781577546924403,0.7575633601131212
without_mask,0.1,21.90984845822539,0.906208331475385
without_mask,1.0,8.962032185636255,0.6941715866919572
without_mask,0.001,21.19117325667478,0.6622897753419705
without_mask,0.01,25.561303571200806,0.8477185583127412
without_mask,0.1,24.573718305666702,0.9281054702900959
without_mask,1.0,11.412949663748641,0.7029008085771982
without_mask,0.001,17.711823142886715,0.4484001024168009
without_mask,0.01,19.252906089236305,0.5608442232063916
without_mask,0.1,18.299804910111114,0.5819577525674768
without_mask,1.0,9.558936529064644,0.42599581068105813
without_mask,0.001,29.59398150250376,0.8817408079157583
without_mask,0.01,30.423016995815928,0.9199658078758779
without_mask,0.1,25.353348200790087,0.916310455315405
without_mask,1.0,12.255948702909487,0.653500880765443
without_mask,0.001,25.308514782875164,0.7955247165576019
without_mask,0.01,28.110460639952684,0.9014889919103636
without_mask,0.1,24.887481916532014,0.9384722202150042
without_mask,1.0,11.99614070468928,0.6968102667047067
without_mask,0.001,18.503462053997904,0.5661637068560583
without_mask,0.01,22.509657850568132,0.7862478921672529
without_mask,0.1,22.72709637589141,0.904834177094173
without_mask,1.0,9.727230901503734,0.6868879441490151
without_mask,0.001,19.099537954368643,0.6269870973756586
without_mask,0.01,23.24143116366963,0.821489318125653
without_mask,0.1,23.283403118377883,0.922551771430802
without_mask,1.0,10.456727184966649,0.7032715238942245
without_mask,0.001,16.520515459653634,0.47460152515928483
without_mask,0.01,20.745777940220677,0.7341625428893994
without_mask,0.1,21.85305710153552,0.8969043414409388
without_mask,1.0,9.214428652310195,0.7040957437934131
without_mask,0.001,18.25807744418372,0.4792509198862061
without_mask,0.01,22.094831391613567,0.6917289037969
without_mask,0.1,21.915141919991758,0.7938988042646795
without_mask,1.0,10.196012685492843,0.6054812230551202
without_mask,0.001,19.020888850427724,0.5185090084856996
without_mask,0.01,24.12648966814649,0.7654272526884975
without_mask,0.1,25.785290796086645,0.8734898151318415
without_mask,1.0,13.738378250800423,0.666649783723114
without_mask,0.001,19.791368068128097,0.5816679300138324
without_mask,0.01,24.85737830089954,0.7887285276811362
without_mask,0.1,23.51747041094548,0.8390675003871989
without_mask,1.0,10.549091617885756,0.6083653950347214
without_mask,0.001,19.097873842118908,0.5666993868271386
without_mask,0.01,23.034218540766776,0.7676401829129292
without_mask,0.1,23.490666942107048,0.8497223174174151
without_mask,1.0,11.121737286415463,0.6240722053241984
without_mask,0.001,17.729554555033722,0.5159539455979947
without_mask,0.01,18.971047697341813,0.6007612347570039
without_mask,0.1,18.012534252223634,0.6175233628966333
without_mask,1.0,8.610236213171392,0.4694186920760431
without_mask,0.001,20.15081295744327,0.5649244102585292
without_mask,0.01,23.922712985326342,0.7281328929948513
without_mask,0.1,24.44910191579568,0.7740983380457368
without_mask,1.0,13.564203429689423,0.5775716354745958
without_mask,0.001,22.375912769242664,0.8010031380252246
without_mask,0.01,22.503264790498683,0.8288807454442654
without_mask,0.1,19.411229111755457,0.8109806730039565
without_mask,1.0,7.605015205406667,0.5938611252704497
without_mask,0.001,22.4630937249157,0.7391628626719705
without_mask,0.01,26.40895805850116,0.8782231493534377
without_mask,0.1,24.983564577519417,0.9346365341413487
without_mask,1.0,11.852580196623556,0.6981062400501605
without_mask,0.001,19.513826622542506,0.5834024254534206
without_mask,0.01,22.85246905425621,0.749459232350226
without_mask,0.1,23.266216027882948,0.8002614892998511
without_mask,1.0,13.314880797770869,0.5793874011123935
without_mask,0.001,15.672727308554489,0.40809177853039924
without_mask,0.01,19.8709726506679,0.6535954783479019
without_mask,0.1,20.881757624420267,0.7623191986530041
without_mask,1.0,10.421465821142634,0.5728761326544988
incorrect_mask,0.001,17.79686328858662,0.37045108751786626
incorrect_mask,0.01,21.076559227771426,0.5603005733410953
incorrect_mask,0.1,21.3290685400639,0.6594526967286645
incorrect_mask,1.0,10.966841067958587,0.5102383453608605
incorrect_mask,0.001,19.467924627880354,0.5065131377185763
incorrect_mask,0.01,21.873461504177726,0.6238910922447909
incorrect_mask,0.1,22.07140394805655,0.6509353582654466
incorrect_mask,1.0,14.409365897993379,0.46806286865546903
incorrect_mask,0.001,20.823023224376456,0.4912642203070491
incorrect_mask,0.01,23.67448463645779,0.6098382554728856
incorrect_mask,0.1,23.11171399479496,0.6432997694788309
incorrect_mask,1.0,13.203226012641249,0.4653025407716487
incorrect_mask,0.001,17.7773398187855,0.4756319315140345
incorrect_mask,0.01,19.613049064314986,0.574891706122261
incorrect_mask,0.1,18.92574481064689,0.5557016670999974
incorrect_mask,1.0,10.821236368835418,0.3511263949628259
incorrect_mask,0.001,19.55978906953062,0.4652826724497973
incorrect_mask,0.01,21.568698833530178,0.570593416872291
incorrect_mask,0.1,20.63151827873419,0.556641655211589
incorrect_mask,1.0,10.979597660299639,0.3672110373663709
incorrect_mask,0.001,20.904819710246514,0.6786617238738029
incorrect_mask,0.01,24.528371306513126,0.8497932685830576
incorrect_mask,0.1,22.250113191632153,0.9036143883256734
incorrect_mask,1.0,9.251341409313659,0.6721871300635085
incorrect_mask,0.001,16.43657522452405,0.42751722509960205
incorrect_mask,0.01,18.70257535979801,0.5451146175908856
incorrect_mask,0.1,18.168833154977268,0.5788181311682199
incorrect_mask,1.0,8.196404530120677,0.4129127044931016
incorrect_mask,0.001,24.235027709379363,0.7499552587592557
incorrect_mask,0.01,24.487106315045125,0.7604448884594419
incorrect_mask,0.1,20.59708008434385,0.7526532232229832
incorrect_mask,1.0,8.460143595165386,0.5540528988977533
incorrect_mask,0.001,16.109890188175797,0.3689309428680741
incorrect_mask,0.01,19.192416567917018,0.5304620365492377
incorrect_mask,0.1,19.97817783968696,0.5719732339830198
incorrect_mask,1.0,11.854962433197079,0.41238754465424793
incorrect_mask,0.001,17.79883252253581,0.3562388395967612
incorrect_mask,0.01,19.80626970717368,0.4639897614144561
incorrect_mask,0.1,19.472051883701432,0.48067052007137645
incorrect_mask,1.0,9.917622933099992,0.3345876116365787
incorrect_mask,0.001,14.240157758974423,0.29663501820794796
incorrect_mask,0.01,17.84209987254219,0.49646207816872634
incorrect_mask,0.1,19.180496054932203,0.6586568259648602
incorrect_mask,1.0,9.451780852926701,0.5278672949622955
incorrect_mask,0.001,18.198802973089606,0.47923894888234186
incorrect_mask,0.01,21.46868821164759,0.6296739331534442
incorrect_mask,0.1,21.686990722741207,0.7007007011735923
incorrect_mask,1.0,11.193335440481844,0.49737915850689046
incorrect_mask,0.001,14.946262296776089,0.31368370110183386
incorrect_mask,0.01,18.750143508772894,0.5019624789851573
incorrect_mask,0.1,20.711312349973365,0.6124995308270662
incorrect_mask,1.0,10.800553399493943,0.46182912359934386
incorrect_mask,0.001,16.46088578472033,0.524295866977611
incorrect_mask,0.01,20.266987463999307,0.6404362356312375
incorrect_mask,0.1,20.194600797981373,0.6966756088296687
incorrect_mask,1.0,9.083041090291239,0.5360251585555555
incorrect_mask,0.001,19.761391348671363,0.5188121417508126
incorrect_mask,0.01,21.438037396709547,0.590010693760637
incorrect_mask,0.1,20.76332816163839,0.5678680357564888
incorrect_mask,1.0,12.330927466056878,0.366673776919366
incorrect_mask,0.001,19.414032704492485,0.4431103696871608
incorrect_mask,0.01,22.872144086199043,0.5898968711398576
incorrect_mask,0.1,23.331810620205147,0.6300458717990248
incorrect_mask,1.0,13.378345026668528,0.4505199637647724
incorrect_mask,0.001,17.5433898243801,0.4647613308743626
incorrect_mask,0.01,20.992730001853857,0.6054225165532925
incorrect_mask,0.1,21.66039029578573,0.6601937378673318
incorrect_mask,1.0,12.559619869932641,0.48336945585404356
incorrect_mask,0.001,24.24570880686531,0.6955291638672823
incorrect_mask,0.01,25.58209147060934,0.7443306861616052
incorrect_mask,0.1,23.178028289843525,0.7388054999110374
incorrect_mask,1.0,11.987211340043316,0.5186532291416127
incorrect_mask,0.001,19.122234831048395,0.4573678299429831
incorrect_mask,0.01,22.807270013922757,0.6162787914672346
incorrect_mask,0.1,22.768371528022293,0.6739994680490171
incorrect_mask,1.0,12.333171055398907,0.4937135778426768
incorrect_mask,0.001,17.40858121659311,0.41045937820054673
incorrect_mask,0.01,20.532366014178415,0.6058741870730241
incorrect_mask,0.1,21.133988494147168,0.6868535722234833
incorrect_mask,1.0,12.117798839719224,0.510132528259616
